0.000000000000000000e+00,0.000000000000000000e+00,2.220354310225939026e-04,5.540665373906300192e-04,0.000000000000000000e+00,0.000000000000000000e+00,1.904334155655756661e-03,4.352203764354303089e-02,1.456720930519602667e-03,2.348128387349492432e-03,2.599309164064219843e-03,4.020358518938177937e-03,0.000000000000000000e+00,6.816339499920666400e-02,4.519437349958312089e-02,2.161434758421076907e-02,1.089374592915070411e-01,0.000000000000000000e+00,2.792884941978102553e+00,2.466366546665206549e-02,2.759922539570084377e-01,6.221231518117951165e-01,1.606411723524557189e+01,8.982102298323305090e-02,0.000000000000000000e+00,1.150678789740487151e-01,0.000000000000000000e+00,3.122523281548400531e-01,1.062675413588404227e+00,3.552129746391441412e-01,2.671872013799392320e+01,9.811029404355460670e+00,0.000000000000000000e+00,4.665878221166772732e+01,3.769590107970913806e+01,3.726368709588983563e+01,0.000000000000000000e+00,1.951671252217935404e+01,3.904675879051399789e+01,2.607162894469231418e+01,3.289664343728979645e+00,0.000000000000000000e+00
0.000000000000000000e+00,0.000000000000000000e+00,1.027943142176902772e-06,7.728670601226455216e-05,0.000000000000000000e+00,0.000000000000000000e+00,1.933160443371335099e-04,5.100118906547524388e-03,3.688439586504616311e-04,7.363610542351991693e-04,7.113752842699868479e-05,1.182162167114824802e-04,0.000000000000000000e+00,1.935028826110949535e-02,5.053895562846900252e-03,2.624012032573948532e-03,1.314382268984968637e-03,0.000000000000000000e+00,7.674138983684430926e-01,9.511741279748408455e-04,3.867796465602492059e-03,2.412055627491980700e-02,5.643852396542901495e+00,2.260994977404027217e-01,0.000000000000000000e+00,4.744180979077999849e-03,0.000000000000000000e+00,2.255586587445412849e-02,1.807580892406086825e-02,2.457129439846614596e-02,6.512625469505272768e+00,1.732566728101915032e+00,0.000000000000000000e+00,1.279677833291732192e+01,9.249059306004188130e+00,9.192166298227496313e+00,0.000000000000000000e+00,4.568825597008376427e+00,1.085354170504717786e+01,7.435229167852466681e+00,6.405515412125244445e-01,0.000000000000000000e+00
0.000000000000000000e+00,0.000000000000000000e+00,1.955712840054478366e-06,3.083216023750191598e-05,0.000000000000000000e+00,0.000000000000000000e+00,2.173894587887250843e-05,4.031957144554758647e-04,1.646156910919792252e-05,3.284959986988149360e-04,1.262187806736049067e-04,3.690281003952243787e-05,0.000000000000000000e+00,9.117316899736493951e-03,2.752177397903794731e-03,6.970426862986265834e-04,8.995280075120335546e-04,0.000000000000000000e+00,1.659742484900315895e-01,1.825356915034571969e-04,1.193292249656671732e-03,2.069324556273932636e-02,3.262427696757422613e+00,6.714126564906824912e-02,0.000000000000000000e+00,1.419322258508808965e-03,0.000000000000000000e+00,4.232891011883509712e-03,4.763129992529723834e-03,3.039802987971377320e-03,3.063616048227504773e+00,4.642715182238844607e-01,0.000000000000000000e+00,5.936378080324764994e+00,4.058285484569889690e+00,4.228891086987975889e+00,0.000000000000000000e+00,2.209136545509486460e+00,5.077827833649221745e+00,3.946654569960247105e+00,1.604452936397114116e-01,0.000000000000000000e+00
0.000000000000000000e+00,0.000000000000000000e+00,1.701476647990928328e-05,3.834540196483201126e-05,0.000000000000000000e+00,0.000000000000000000e+00,1.701804626745064415e-05,4.340752007183631072e-05,3.563316624196001981e-05,2.866192841175447051e-04,3.675997595667259245e-05,6.322476073730021054e-05,0.000000000000000000e+00,4.395444618457314094e-03,4.221655573685571860e-04,2.058295679337204624e-04,2.483396861130412548e-04,0.000000000000000000e+00,3.576420983042531004e-02,9.302996599497244173e-05,4.078878331685842611e-04,2.154508391844787984e-02,2.115530544068304319e+00,5.690814850564573923e-02,0.000000000000000000e+00,2.630453740798908372e-03,0.000000000000000000e+00,1.175777308037981479e-02,1.437741794294658884e-02,1.409221066751088595e-02,1.984457366041239457e+00,1.293998417642667209e-01,0.000000000000000000e+00,3.488385661788140801e+00,2.420270716210030315e+00,2.534598382627656576e+00,0.000000000000000000e+00,1.438162961697874387e+00,2.946324016163741621e+00,2.485313728698415048e+00,1.097146179623066792e-01,0.000000000000000000e+00
0.000000000000000000e+00,0.000000000000000000e+00,9.276036225330776752e-06,1.400336687504907101e-05,0.000000000000000000e+00,0.000000000000000000e+00,8.560901362366446490e-07,1.269619250230729487e-06,2.005970464394686754e-04,2.349616006999967726e-04,1.597922086292000813e-05,2.240848389703740601e-05,0.000000000000000000e+00,1.213727129094731381e-03,1.420126697146022242e-04,1.320461453943130739e-04,8.933425634002023724e-05,0.000000000000000000e+00,1.167583994690710517e-02,2.664258652127997730e-04,9.714834754798508734e-03,8.467909688690322678e-02,7.405462828736608660e-01,1.186393506241087761e-02,0.000000000000000000e+00,5.949258934690341422e-03,0.000000000000000000e+00,1.462765811936262567e-02,5.471887636750460276e-02,6.487338267675807346e-03,1.162187614929388602e+00,9.813650206280412347e-02,0.000000000000000000e+00,1.363612105344271574e+00,1.295503727738982258e+00,1.321224797460369915e+00,0.000000000000000000e+00,9.412999574830034355e-01,1.112331587557153556e+00,9.414418767793677478e-01,1.488652029518941489e-01,0.000000000000000000e+00
0.000000000000000000e+00,0.000000000000000000e+00,7.873744448174858917e-06,1.347016304603283460e-05,0.000000000000000000e+00,0.000000000000000000e+00,3.354434370167617627e-06,5.276128012033070441e-06,1.799045886935673273e-05,3.518503291744214454e-05,2.588949186319053992e-05,1.166029431173458021e-05,0.000000000000000000e+00,8.120219559705235636e-04,1.213070604836631583e-04,6.524642066067604335e-05,4.223883149826875190e-03,0.000000000000000000e+00,1.398655534895799045e-03,2.412025637963353275e-05,3.089980838931003643e-03,4.874964106750014764e-02,2.697451344513687177e-01,1.727312435872156889e-03,0.000000000000000000e+00,3.318508286972975292e-03,0.000000000000000000e+00,9.118127825772147019e-03,3.046256168578112891e-02,6.674869120754746421e-03,6.815087600723361838e-01,8.059057979152201012e-02,0.000000000000000000e+00,5.645721673149789455e-01,7.314286133907315079e-01,7.352090971979916567e-01,0.000000000000000000e+00,6.119167042225034381e-01,4.764942574464809399e-01,4.095143446045594882e-01,8.952269067940193947e-02,0.000000000000000000e+00
0.000000000000000000e+00,0.000000000000000000e+00,9.709513619436812688e-07,4.928880698039879594e-06,0.000000000000000000e+00,0.000000000000000000e+00,1.859970783455890307e-05,4.580015992315294223e-06,2.107618834395226374e-04,7.182001800486705748e-06,3.083633779084191934e-06,3.500228188378125819e-06,0.000000000000000000e+00,1.422889719544313336e-03,2.382618265439559468e-05,2.595402653523977410e-05,2.345756437240999540e-03,0.000000000000000000e+00,3.196222528048196505e-04,1.129777694560846630e-04,1.653066727270927419e-03,4.599798438011507007e-02,1.672538075197343432e-01,4.238527085223160740e-04,0.000000000000000000e+00,3.221798544390714041e-03,0.000000000000000000e+00,1.040467815941081321e-02,2.932705494498183754e-02,7.340740672554814036e-03,6.393897655772881050e-01,1.437483630747047637e-02,0.000000000000000000e+00,3.924371976761827918e-01,6.485951302844699118e-01,6.536254868475488422e-01,0.000000000000000000e+00,5.297623621086342549e-01,2.654859075002701796e-01,2.434080702382194206e-01,8.971525042727473975e-02,0.000000000000000000e+00
0.000000000000000000e+00,0.000000000000000000e+00,3.988204811074977636e-06,1.581811893985405612e-05,0.000000000000000000e+00,0.000000000000000000e+00,4.147575207787278330e-07,3.236021321725470596e-05,1.821283643886931441e-04,5.771098225357042514e-06,7.945395225611038688e-06,1.011109252059409327e-05,0.000000000000000000e+00,1.158423355941599116e-03,1.154650661326886603e-04,8.411757730033230223e-05,9.410810418450476014e-03,0.000000000000000000e+00,1.778642691947653022e-03,4.902536729029185499e-05,7.003355626716524333e-03,4.248179946706080734e-02,1.524407731898448082e-01,1.749138785073518255e-03,0.000000000000000000e+00,3.846384193162455650e-03,0.000000000000000000e+00,1.317460142500306679e-02,4.094959368609925321e-02,7.889988987832980902e-03,3.435724722519539198e-01,1.442646570636027803e-01,0.000000000000000000e+00,3.700646127860113821e-01,4.464711148419338582e-01,4.203323800395348253e-01,0.000000000000000000e+00,4.309276649224540456e-01,4.385186305166264842e-01,3.352466979026749727e-01,8.593822470091633248e-02,0.000000000000000000e+00
0.000000000000000000e+00,0.000000000000000000e+00,2.401441270383968072e-06,9.761295991464027095e-06,0.000000000000000000e+00,0.000000000000000000e+00,7.450067350216329438e-07,4.595543970134998595e-05,2.433775683304469648e-04,3.872190280910990139e-06,5.504912226116161103e-05,2.053069026527051813e-05,0.000000000000000000e+00,3.511827631923307869e-03,2.782794872785098969e-04,9.518006200917097112e-05,1.583871404688005479e-03,0.000000000000000000e+00,1.166388178418486903e-02,4.244381482899621419e-05,3.188827182720601651e-03,4.180102402997661060e-02,3.558034118021989323e-01,4.608451173209964120e-03,0.000000000000000000e+00,9.932153632289272144e-03,0.000000000000000000e+00,2.180084988167600019e-02,4.580801629349032927e-02,1.216770996857135731e-02,7.335413592296823326e-01,1.490044063754264458e-01,0.000000000000000000e+00,8.644867847099976244e-01,9.288883170856672145e-01,9.118849981734062915e-01,0.000000000000000000e+00,6.783955391121795353e-01,7.862635919836351572e-01,5.902488236464317195e-01,1.272242708914544107e-01,0.000000000000000000e+00
0.000000000000000000e+00,0.000000000000000000e+00,3.059174134293565159e-07,1.140713213110115627e-05,0.000000000000000000e+00,0.000000000000000000e+00,1.002318807494642523e-06,7.150540610360272031e-06,1.506409693261424995e-04,2.063938576777827997e-05,5.535447672765938208e-05,1.073270168138013761e-05,0.000000000000000000e+00,3.429524357772980279e-03,3.940322625077560901e-04,1.064443581179285673e-04,6.838804584544711006e-04,0.000000000000000000e+00,3.690904021926811468e-02,1.089132717213567650e-04,2.259847087745150279e-04,2.701256375505087497e-03,4.389333344260861747e-01,6.484984504792782288e-03,0.000000000000000000e+00,2.676705418026233997e-03,0.000000000000000000e+00,9.117307622020781946e-03,1.087349550943877974e-02,1.032359416162111770e-02,5.930112385542875009e-01,2.232838770856904465e-01,0.000000000000000000e+00,1.110971658626791703e+00,9.321835291241280519e-01,9.194218908465722206e-01,0.000000000000000000e+00,5.386633008175747417e-01,1.053979289032909605e+00,6.952495929408328834e-01,6.469300313765202759e-02,0.000000000000000000e+00
0.000000000000000000e+00,0.000000000000000000e+00,2.091704203101911427e-07,4.212859130884392725e-06,0.000000000000000000e+00,0.000000000000000000e+00,1.328553876815528160e-05,3.978294248311944767e-05,1.127435713299882846e-04,2.971962211654072825e-05,9.641578564552003643e-06,3.900934063975067186e-05,0.000000000000000000e+00,3.255892193781652864e-03,5.076835331208882397e-04,1.983045025791062386e-04,3.779039809258667552e-04,0.000000000000000000e+00,8.325196147051371065e-02,6.052662305455293107e-04,9.969183349079875633e-03,7.160890982457905618e-02,6.258661977372300678e-01,8.225283023323299789e-03,0.000000000000000000e+00,2.828861193469869254e-03,0.000000000000000000e+00,7.801991970031384518e-03,4.354736055609938900e-02,2.558231467515476639e-03,1.374611769877458922e+00,3.143387738289304401e-01,0.000000000000000000e+00,1.759117561625881621e+00,1.776313888359733140e+00,1.771066023951375135e+00,0.000000000000000000e+00,1.105135726319604883e+00,1.459292105446813093e+00,9.550783618546730969e-01,1.601304629365087884e-01,0.000000000000000000e+00
0.000000000000000000e+00,0.000000000000000000e+00,6.617916500308452890e-06,1.442353029445872090e-05,0.000000000000000000e+00,0.000000000000000000e+00,3.241971260100394388e-05,6.593814565280465482e-05,3.482987631319478706e-05,9.378222225658510239e-05,8.507907504884344501e-05,6.397710424379568462e-05,0.000000000000000000e+00,4.862421512167759176e-03,1.091357855297002541e-03,4.205356879702142016e-04,1.055335163152497932e-03,0.000000000000000000e+00,1.604347109866540722e-01,6.568271654630625407e-04,8.846472755275164648e-03,6.910278284227124035e-02,9.571086690662942154e-01,2.635735308452331199e-02,0.000000000000000000e+00,3.332895394398608171e-03,0.000000000000000000e+00,1.246389397430893060e-02,5.059385153389341083e-02,4.137540774987408763e-03,1.663720377384128479e+00,4.592465378225799033e-01,0.000000000000000000e+00,2.520360634571352509e+00,2.208632807897574324e+00,2.177455605080540479e+00,0.000000000000000000e+00,1.293378454326172600e+00,2.117904664531731651e+00,1.410862007545335750e+00,2.193259271209846151e-01,0.000000000000000000e+00
0.000000000000000000e+00,0.000000000000000000e+00,5.732868595157690742e-06,7.201854475447738138e-05,0.000000000000000000e+00,0.000000000000000000e+00,1.422078354079079195e-05,7.010202863501252589e-04,3.586830831077560773e-04,3.250683705018448332e-04,1.296570037599439711e-04,2.212134867095753908e-04,0.000000000000000000e+00,5.211013932062632387e-03,7.252514071793290766e-03,8.738982366501829710e-04,4.323302684786693023e-02,0.000000000000000000e+00,3.943387063104783485e-01,2.014110292899792690e-04,1.160364978355306375e-03,6.813163865908949957e-02,4.118094937846187520e+00,7.841977334042986303e-02,0.000000000000000000e+00,1.304989199204428796e-02,0.000000000000000000e+00,3.269335786737422034e-02,5.006165093323133863e-02,2.641614035527263538e-02,5.743706651482297865e+00,1.159692824204916928e+00,0.000000000000000000e+00,8.967959679331002576e+00,7.087148590425578654e+00,7.204361784143748615e+00,0.000000000000000000e+00,4.102785781758166550e+00,7.304445139210244520e+00,5.562743552768782074e+00,4.630930806440821668e-01,0.000000000000000000e+00
0.000000000000000000e+00,0.000000000000000000e+00,1.682343865263984124e-06,8.052808610197674348e-05,0.000000000000000000e+00,0.000000000000000000e+00,6.851130459290689500e-05,6.644697494967073161e-04,1.575995123333412450e-03,7.114354795496353068e-04,4.594032984428069182e-04,8.730326226548985739e-05,0.000000000000000000e+00,3.141694377142893041e-02,6.994428942993726091e-03,1.990101793972086624e-03,5.422985805545761130e-03,0.000000000000000000e+00,5.545408449871110923e-01,3.534957020455197570e-04,4.700835558039868217e-03,3.291625659892152139e-02,3.697072752188448774e+00,8.206734678472536737e-02,0.000000000000000000e+00,6.014980312088693062e-03,0.000000000000000000e+00,3.301250884403963276e-02,5.072557279580108131e-02,2.791915950258032353e-02,5.562121349687995320e+00,1.975194227738224395e+00,0.000000000000000000e+00,9.982505890003736226e+00,8.315238653328805185e+00,8.222234421968774853e+00,0.000000000000000000e+00,4.462238401685650224e+00,8.870681138727578130e+00,5.659976839535674209e+00,5.390102049048562938e-01,0.000000000000000000e+00
0.000000000000000000e+00,0.000000000000000000e+00,4.001795178080399982e-06,1.388951444324252390e-05,0.000000000000000000e+00,0.000000000000000000e+00,4.173473537987547387e-05,1.551918318119348684e-04,5.722626729056711837e-05,3.452697939252678577e-04,2.096646311722343613e-05,1.994934975010024465e-05,0.000000000000000000e+00,5.364606294002656484e-03,2.501041032914963144e-03,4.512623907127581171e-04,7.769519845159862138e-04,0.000000000000000000e+00,2.274460908964647532e-01,3.628286871493803409e-05,4.946721983010932480e-04,4.888912068734237518e-03,1.544405977330346014e+00,4.258300412649226180e-02,0.000000000000000000e+00,2.268791689547744461e-03,0.000000000000000000e+00,1.032287483029411049e-02,9.901036192393852797e-03,1.150176636078088614e-02,1.948715796045280113e+00,5.671954507390872813e-01,0.000000000000000000e+00,3.798140923736444297e+00,2.924097046476720418e+00,2.921643255041595832e+00,0.000000000000000000e+00,1.444271515914886006e+00,3.294149242895805685e+00,2.131841922359279717e+00,1.955518101588784863e-01,0.000000000000000000e+00
0.000000000000000000e+00,0.000000000000000000e+00,8.108348731418988340e-08,4.964027137324540573e-06,0.000000000000000000e+00,0.000000000000000000e+00,2.257266571236759284e-05,7.017338079832225763e-05,1.719625951696053970e-05,2.658263826524894936e-05,4.869913026613280846e-06,3.618353157684218481e-05,0.000000000000000000e+00,2.938006035176678795e-03,7.817269850762182445e-04,1.449581204702718505e-04,3.660309842232847854e-04,0.000000000000000000e+00,5.111636951530216383e-02,1.561596592523910811e-05,1.506679066345802630e-04,3.348681958863895455e-03,8.779674569682393015e-01,2.287433305375705453e-02,0.000000000000000000e+00,8.307610270653997906e-04,0.000000000000000000e+00,2.738657842635224861e-03,4.024856320272014037e-03,3.733778459370536498e-03,8.222053311000170339e-01,1.644894316601485662e-01,0.000000000000000000e+00,1.678874172549897237e+00,1.165060312785027419e+00,1.192380918038999482e+00,0.000000000000000000e+00,6.211856232453681903e-01,1.476179206160538104e+00,1.095093685414177731e+00,5.126876513881414160e-02,0.000000000000000000e+00
0.000000000000000000e+00,0.000000000000000000e+00,3.567135968074801010e-10,7.959424067255087924e-06,0.000000000000000000e+00,0.000000000000000000e+00,3.095240437353929400e-06,4.907144997955775691e-05,1.759175484840792638e-05,6.398447101594849644e-05,2.396812357222477763e-05,1.183734306149203590e-05,0.000000000000000000e+00,5.594635990628897418e-04,1.864815761485164069e-04,4.027373458682519835e-05,2.067668561595797743e-04,0.000000000000000000e+00,6.425873481086921517e-03,2.074192563476856806e-05,5.348718188700800970e-05,6.594552785193965455e-03,4.694737176954172919e-01,7.334119265770743142e-03,0.000000000000000000e+00,5.267277471243390127e-04,0.000000000000000000e+00,1.299025813580294156e-03,2.326543322624794862e-03,1.000336466862197880e-03,4.737712128482955420e-01,2.208509133470102151e-02,0.000000000000000000e+00,7.724449983119436869e-01,5.479966674862468690e-01,5.853818132350708803e-01,0.000000000000000000e+00,3.271554571295089420e-01,6.249649201460456549e-01,5.427115641519772993e-01,1.751416692891943211e-02,0.000000000000000000e+00
0.000000000000000000e+00,0.000000000000000000e+00,1.063595240778529964e-06,1.185429413966959878e-06,0.000000000000000000e+00,0.000000000000000000e+00,9.370545746805465688e-06,8.286448483271993912e-06,9.743708715953093103e-05,4.526652340159194798e-05,1.320775011558196455e-05,2.020933592413348993e-05,0.000000000000000000e+00,3.391330318493229095e-04,1.828612638545671045e-05,8.001295593936636700e-05,1.074125546214520980e-04,0.000000000000000000e+00,7.888329817625617081e-04,1.073240431475805650e-05,6.009764950333877767e-05,8.385994103572814301e-03,9.603371926721947227e-02,4.907058524619335472e-05,0.000000000000000000e+00,4.807757217170533252e-04,0.000000000000000000e+00,7.393356978411431968e-04,2.643617169451679266e-03,2.614779444264108050e-04,2.275262953450084280e-01,8.286332699964554837e-04,0.000000000000000000e+00,1.882790058902136243e-01,2.296862908359560140e-01,2.430965336492690587e-01,0.000000000000000000e+00,1.657310007882283887e-01,1.248942689241193393e-01,1.172879746239962051e-01,1.538053814114589100e-02,0.000000000000000000e+00
0.000000000000000000e+00,0.000000000000000000e+00,7.059495151934903944e-06,2.497095957300835266e-05,0.000000000000000000e+00,0.000000000000000000e+00,1.983935363039083697e-05,1.250498069274014540e-06,1.893141099130084878e-04,9.384571497772230782e-06,1.913902965142189963e-05,4.776526062897516765e-06,0.000000000000000000e+00,2.292277426251782360e-04,8.622064640182701422e-05,1.308820649080283724e-05,1.655754876498853969e-05,0.000000000000000000e+00,1.188704767412343316e-04,2.366259441352136592e-05,9.591435888477018020e-04,1.067034247527833338e-02,2.665386159726968688e-03,1.584362825351459669e-03,0.000000000000000000e+00,2.158477833558238609e-04,0.000000000000000000e+00,8.968277643064886473e-04,6.440205616515172309e-03,1.364824091399146656e-03,6.572297537550732260e-02,1.131206350883174781e-03,0.000000000000000000e+00,1.518275744949254547e-02,6.602191650959071678e-02,6.008338588580752759e-02,0.000000000000000000e+00,6.622842507577016147e-02,1.144009705851554461e-02,7.641814815030408860e-03,1.725429386094686282e-02,0.000000000000000000e+00
0.000000000000000000e+00,0.000000000000000000e+00,2.082226221962116119e-07,2.470321065449730487e-05,0.000000000000000000e+00,0.000000000000000000e+00,5.229972114552127592e-06,1.228785275843585357e-06,2.899648390355034935e-05,1.986418987057375662e-05,3.007912468151869565e-06,2.763752248479678263e-06,0.000000000000000000e+00,2.688281342689660103e-05,2.401082313933210205e-05,1.481855836048487345e-05,3.799265969059920762e-04,0.000000000000000000e+00,1.704088162335200626e-05,2.063578658377903229e-05,1.412547804315185092e-04,1.918690494171666283e-03,1.896160133791218588e-03,6.417938419862889449e-04,0.000000000000000000e+00,1.140122503075604319e-03,0.000000000000000000e+00,2.758906726283373925e-03,4.452128270035099825e-03,2.980677176826341482e-03,1.413513286506680108e-02,1.601277971683978847e-03,0.000000000000000000e+00,1.383465683615940980e-02,1.844693883630596151e-02,1.286247003332588110e-02,0.000000000000000000e+00,1.564085945756473611e-02,1.381373817847388399e-02,1.217374947028109985e-02,1.102496358548937100e-02,0.000000000000000000e+00
0.000000000000000000e+00,0.000000000000000000e+00,1.507868082128299703e-06,6.444549962656960085e-06,0.000000000000000000e+00,0.000000000000000000e+00,2.498780716022736272e-08,1.220140972074238402e-05,6.757917283966752833e-06,1.512201906285991984e-05,5.207653517872821257e-07,6.187921467227528851e-06,0.000000000000000000e+00,1.039254123147942508e-04,2.780404888684389361e-05,1.725022555544098915e-05,1.072123750546059731e-04,0.000000000000000000e+00,1.195309866535112549e-04,5.963450515267130384e-06,4.772495647036822502e-05,4.234634802941655038e-04,1.897538094145369628e-02,9.248867086607047514e-04,0.000000000000000000e+00,9.088233552622142957e-04,0.000000000000000000e+00,8.119089606720424242e-04,1.271148399642883396e-03,9.218310079673053270e-04,9.802816330821216562e-03,9.609289890206533513e-04,0.000000000000000000e+00,2.713157507536134022e-02,1.368761111931859550e-02,1.185896811669272591e-02,0.000000000000000000e+00,9.071995299060421625e-03,2.592993791909280893e-02,2.294068233808393281e-02,2.486346837947369867e-03,0.000000000000000000e+00
0.000000000000000000e+00,0.000000000000000000e+00,5.528530664785237600e-06,1.771599058446909872e-05,0.000000000000000000e+00,0.000000000000000000e+00,1.341910548216860293e-06,3.216603375468524738e-06,3.816507270651359142e-06,6.461219660088990791e-06,2.533360224992470079e-06,9.892964985167833984e-06,0.000000000000000000e+00,6.790004698285239293e-05,5.754858030433641566e-05,1.863531890604257853e-05,2.012847767579212751e-05,0.000000000000000000e+00,5.203722758792976756e-05,2.179671300657747487e-06,1.852071157502252995e-05,4.216312664893809661e-04,4.359290918965872536e-02,1.597335147356638684e-03,0.000000000000000000e+00,3.231897819005923912e-03,0.000000000000000000e+00,7.958701373267632398e-03,1.032224017615967875e-02,9.308938742541288114e-03,2.946927557951090765e-02,2.078053788883871429e-04,0.000000000000000000e+00,8.839941101969520099e-02,4.524399078735068247e-02,3.408306354505948044e-02,0.000000000000000000e+00,2.309000933038934944e-02,7.973167784259872770e-02,7.423315772055832928e-02,2.784524480612421415e-02,0.000000000000000000e+00
0.000000000000000000e+00,0.000000000000000000e+00,2.407645950092292355e-06,1.859235692816378705e-05,0.000000000000000000e+00,0.000000000000000000e+00,1.136226646000258253e-06,2.955482004628657539e-06,1.754923801989160805e-06,1.114662869042135144e-04,3.691961429501316585e-06,3.053847975592093770e-06,0.000000000000000000e+00,3.883041387697930481e-05,1.185368507307392741e-05,1.526012500293739323e-05,2.167856438843143818e-05,0.000000000000000000e+00,4.423179697415843158e-05,4.847815603261042366e-06,5.276221645681136507e-05,2.420262718545117785e-04,3.677540050419710049e-02,2.417603095424982525e-03,0.000000000000000000e+00,1.075360178521758171e-03,0.000000000000000000e+00,3.789296400584524476e-03,5.402326058611536461e-03,7.016451788024652414e-03,1.775726822122843107e-02,1.391784978074203411e-04,0.000000000000000000e+00,6.597336931668534854e-02,3.006855920130357268e-02,2.149923219957687245e-02,0.000000000000000000e+00,1.503868299805450823e-02,6.167642583049306321e-02,5.459941947027656395e-02,1.608806704772947072e-02,0.000000000000000000e+00
0.000000000000000000e+00,0.000000000000000000e+00,6.305704349804385723e-07,2.131102497604812729e-06,0.000000000000000000e+00,0.000000000000000000e+00,1.563277247524170536e-06,1.848005073658481941e-06,9.910808281785235874e-06,2.964443052934862138e-05,6.703435927419549229e-07,1.143010725731683904e-05,0.000000000000000000e+00,2.788364594385254845e-05,2.719056215791815917e-05,3.245315132624045426e-05,2.675661812561194676e-05,0.000000000000000000e+00,1.041164232964789002e-04,1.135126373041312210e-05,2.979239592038027037e-05,4.600067913534972713e-04,2.779922984090937160e-02,1.090485957303165537e-03,0.000000000000000000e+00,5.789496907145972015e-05,0.000000000000000000e+00,9.343306266753997858e-05,1.495013327320337561e-04,1.093583015795595919e-03,2.942510477957117898e-02,1.459166996538087424e-04,0.000000000000000000e+00,4.577028667257943689e-02,3.292921928072228138e-02,3.416500048600056016e-02,0.000000000000000000e+00,1.994821132251297507e-02,3.625241723547717454e-02,3.253527860822352791e-02,1.645161828691335407e-03,0.000000000000000000e+00
0.000000000000000000e+00,0.000000000000000000e+00,8.830064279394574498e-07,4.994497281890856717e-06,0.000000000000000000e+00,0.000000000000000000e+00,1.137631480271836350e-06,5.153613828127988014e-07,8.749826518659003401e-07,6.826225203244701398e-05,2.178242151732180226e-06,1.116653930857551105e-05,0.000000000000000000e+00,3.642103332465579504e-05,6.605854556332382973e-05,6.084812676132539215e-05,1.706246197615020248e-05,0.000000000000000000e+00,7.906368907571844002e-05,1.459283688742387471e-05,4.429698174374410127e-04,1.219687986203814691e-03,9.822923042127066490e-03,3.010996375791624973e-03,0.000000000000000000e+00,3.879952354983731634e-04,0.000000000000000000e+00,1.031734766445119040e-03,2.229465424754119816e-03,2.264312771326728278e-03,1.427574444904984845e-03,3.062133604219651178e-04,0.000000000000000000e+00,1.560654676806597432e-02,7.712017760908377803e-03,1.915394538364465805e-03,0.000000000000000000e+00,5.677704974734575603e-03,1.913359905395800933e-02,1.391829111687434110e-02,5.201673889817081536e-03,0.000000000000000000e+00
0.000000000000000000e+00,0.000000000000000000e+00,6.724936307959174679e-07,2.823860815056872784e-06,0.000000000000000000e+00,0.000000000000000000e+00,4.965715130008178515e-07,2.629273942786882482e-07,7.090041720944759398e-07,6.054551519826090162e-05,3.540229662405438490e-06,9.144352470826560818e-06,0.000000000000000000e+00,3.643982932938485074e-05,6.223125720216289580e-05,6.311769711250218992e-05,1.765223408846175592e-05,0.000000000000000000e+00,8.298638097715732749e-05,1.525089512520596364e-05,4.421670771811733280e-04,1.223730666601049663e-03,9.945859912244633602e-03,3.011075506485324377e-03,0.000000000000000000e+00,3.892294128308773898e-04,0.000000000000000000e+00,1.015258500307342866e-03,2.238727956162977172e-03,2.238939275651932390e-03,1.480637186736075746e-03,3.209092492446049085e-04,0.000000000000000000e+00,1.575930745900878602e-02,7.770439263141119650e-03,1.984390745353019694e-03,0.000000000000000000e+00,5.750003972564970457e-03,1.928054814562011124e-02,1.407164045784126301e-02,5.227822216283223994e-03,0.000000000000000000e+00
0.000000000000000000e+00,0.000000000000000000e+00,6.426379496492760731e-07,2.657235337712304643e-06,0.000000000000000000e+00,0.000000000000000000e+00,1.366583309598928194e-06,1.520674146440125654e-06,1.015978069911722098e-05,2.889025192049736446e-05,7.255392419227827034e-07,1.208113781133597507e-05,0.000000000000000000e+00,2.818234026728296660e-05,2.821594037664128891e-05,3.412680282816057080e-05,2.879037327735196086e-05,0.000000000000000000e+00,1.035889670137644990e-04,1.123421418758923408e-05,2.949321897598646629e-05,4.473879219847799629e-04,2.791124928893801843e-02,1.146025103413537884e-03,0.000000000000000000e+00,5.519116583640138135e-05,0.000000000000000000e+00,8.725172819227633002e-05,1.400511369376169308e-04,1.078705525801891942e-03,2.940451929600753841e-02,1.473688156688048945e-04,0.000000000000000000e+00,4.587893708075745092e-02,3.300770025715869804e-02,3.420078771066364237e-02,0.000000000000000000e+00,2.002268176623795207e-02,3.646280502147063174e-02,3.264223217491322299e-02,1.630233917809587041e-03,0.000000000000000000e+00
0.000000000000000000e+00,0.000000000000000000e+00,2.684104019770346105e-06,2.121292362910852849e-05,0.000000000000000000e+00,0.000000000000000000e+00,1.830881798387659827e-06,4.067789286163870099e-06,2.214048290081306210e-06,1.033121944994641990e-04,2.862651546084506278e-06,3.648868075350244141e-06,0.000000000000000000e+00,3.511946370406712845e-05,1.170310426229588748e-05,1.499964578279285649e-05,2.149421949340357674e-05,0.000000000000000000e+00,4.128356056751855566e-05,4.659751098062646668e-06,5.165558432169018100e-05,2.389283949144398135e-04,3.680442112028817214e-02,2.387844302021418803e-03,0.000000000000000000e+00,1.076034260213286700e-03,0.000000000000000000e+00,3.789072078806570310e-03,5.390099275083014285e-03,6.984316941472225662e-03,1.767797043435220122e-02,1.374345379765082840e-04,0.000000000000000000e+00,6.573637955341794792e-02,2.983692475965999888e-02,2.133200609096502429e-02,0.000000000000000000e+00,1.499301259589479532e-02,6.149385142380923985e-02,5.457785532737152029e-02,1.601926492226572740e-02,0.000000000000000000e+00
0.000000000000000000e+00,0.000000000000000000e+00,4.706053085978352380e-06,1.999897222097298579e-05,0.000000000000000000e+00,0.000000000000000000e+00,1.009744626131901387e-06,3.933596973152598752e-06,3.317723038466878149e-06,6.333947066377715589e-06,1.917473333961241785e-06,9.024919371177846265e-06,0.000000000000000000e+00,6.812301720596557295e-05,5.344061129537319043e-05,1.832898876960289814e-05,1.786027415675725484e-05,0.000000000000000000e+00,5.302036584579872101e-05,2.610321084977326155e-06,1.754998818485924210e-05,4.254880204496584760e-04,4.353225550169260993e-02,1.572143995916486237e-03,0.000000000000000000e+00,3.229807298063245864e-03,0.000000000000000000e+00,7.970387257012396393e-03,1.037245048327076723e-02,9.308520904351948178e-03,2.950568760009864358e-02,2.062055665626831569e-04,0.000000000000000000e+00,8.856935143829804125e-02,4.523685153451136032e-02,3.405753426668689521e-02,0.000000000000000000e+00,2.296263295635036714e-02,7.966170946942090214e-02,7.425595311483108862e-02,2.798889056748713952e-02,0.000000000000000000e+00
0.000000000000000000e+00,0.000000000000000000e+00,1.758844226929549543e-06,5.808622900236078479e-06,0.000000000000000000e+00,0.000000000000000000e+00,4.186355181247832023e-08,1.305019244593370604e-05,6.638778049475400805e-06,1.421059556101411436e-05,5.851622639907134886e-07,5.834053640002524305e-06,0.000000000000000000e+00,1.055146337807744231e-04,2.658630251238973733e-05,1.800473651854625438e-05,1.054264148292713600e-04,0.000000000000000000e+00,1.207281311305385567e-04,5.046990243246791936e-06,4.768069100326470327e-05,4.194363062769971727e-04,1.913875529197828912e-02,9.317166174096639438e-04,0.000000000000000000e+00,9.190118063525243167e-04,0.000000000000000000e+00,8.230472378668797669e-04,1.289981430466771543e-03,9.419040662873097609e-04,9.952928800952068333e-03,9.561191695091885443e-04,0.000000000000000000e+00,2.738569705693426684e-02,1.386374569424610008e-02,1.201516630172290608e-02,0.000000000000000000e+00,9.189324632872520465e-03,2.614459350439574808e-02,2.315704226358925727e-02,2.523785410929286436e-03,0.000000000000000000e+00
0.000000000000000000e+00,0.000000000000000000e+00,5.259175128413703348e-07,2.189522553036868559e-05,0.000000000000000000e+00,0.000000000000000000e+00,6.500852951370733608e-06,8.467853672538378309e-07,3.121887883125819870e-05,2.284954728839005015e-05,2.400974490967471683e-06,2.442932307763556927e-06,0.000000000000000000e+00,2.823632487258449401e-05,2.742447782532541237e-05,1.526432163002489135e-05,3.889654737082332979e-04,0.000000000000000000e+00,1.529044410871534270e-05,2.006068753359979974e-05,1.373377256312519068e-04,1.903193827259273526e-03,1.977332958445602879e-03,6.629147847041554032e-04,0.000000000000000000e+00,1.119410123217751910e-03,0.000000000000000000e+00,2.761784386621299846e-03,4.428253914788259082e-03,2.940473980778434034e-03,1.417474173164504948e-02,1.559416742452301562e-03,0.000000000000000000e+00,1.390327531959917838e-02,1.842671413396210212e-02,1.287774994859634987e-02,0.000000000000000000e+00,1.562709439175308940e-02,1.384647687914836341e-02,1.224504388609659253e-02,1.103035142099133281e-02,0.000000000000000000e+00
0.000000000000000000e+00,0.000000000000000000e+00,7.588714785542670745e-06,2.534456714451949528e-05,0.000000000000000000e+00,0.000000000000000000e+00,2.067960760737029774e-05,9.663960816905248128e-07,1.871222429954714432e-04,9.640064222597215251e-06,1.912944942032926573e-05,5.654040917550527028e-06,0.000000000000000000e+00,2.350088192881270974e-04,8.449542199166964541e-05,1.297464475863951770e-05,1.753572035138523854e-05,0.000000000000000000e+00,1.167141778484986176e-04,2.382627732832036138e-05,9.713626739958886426e-04,1.073392824226099621e-02,2.451432991497517686e-03,1.567876624100300468e-03,0.000000000000000000e+00,2.165590172173416589e-04,0.000000000000000000e+00,9.075127358576576524e-04,6.485088661183423947e-03,1.380179292149006200e-03,6.545224502244473275e-02,1.132495727175820283e-03,0.000000000000000000e+00,1.483061371658069526e-02,6.573046247311616075e-02,5.976977277802887623e-02,0.000000000000000000e+00,6.598930446933537475e-02,1.119977004373668567e-02,7.390278368492726041e-03,1.731072697489912868e-02,0.000000000000000000e+00
0.000000000000000000e+00,0.000000000000000000e+00,2.339684815453583437e-07,3.078496043461242882e-06,0.000000000000000000e+00,0.000000000000000000e+00,1.731268640417877867e-05,1.898936105604815807e-05,9.194550375043593848e-05,6.060013064642623610e-05,4.885672404484344377e-06,1.390869178211747031e-05,0.000000000000000000e+00,3.182226959746512862e-04,3.513341705663496534e-05,7.724214872945152821e-05,1.099174399413839395e-04,0.000000000000000000e+00,8.049318211703321941e-04,1.766406542237668924e-05,5.782272568554181250e-05,8.436765742458725292e-03,9.590417136857315450e-02,5.033405222679053574e-05,0.000000000000000000e+00,4.554263667518203599e-04,0.000000000000000000e+00,6.678110810440907432e-04,2.651479640744475695e-03,2.438035968157058339e-04,2.270061372259001287e-01,7.809004479229966073e-04,0.000000000000000000e+00,1.882592547710259245e-01,2.289188518477846268e-01,2.422986207836045347e-01,0.000000000000000000e+00,1.649634784344488070e-01,1.245843319103477065e-01,1.171284267412391333e-01,1.549458179178738598e-02,0.000000000000000000e+00
0.000000000000000000e+00,0.000000000000000000e+00,1.111636622200565724e-07,8.941548521790439289e-06,0.000000000000000000e+00,0.000000000000000000e+00,3.753659519096724346e-06,4.709848031929065687e-05,1.966488395654416213e-05,6.371863342227983978e-05,2.308834910375757315e-05,1.197043677925909498e-05,0.000000000000000000e+00,5.572238625472300663e-04,1.789954834518106108e-04,3.893616889996195663e-05,1.974762482098671608e-04,0.000000000000000000e+00,6.362370786169416897e-03,2.272137316546008184e-05,4.991715075439956097e-05,6.656305260033053631e-03,4.680506630069748986e-01,7.207320382136117587e-03,0.000000000000000000e+00,5.130938378546736093e-04,0.000000000000000000e+00,1.289067570034080346e-03,2.347530343288363030e-03,9.869828955668116452e-04,4.724524213356871005e-01,2.185054500481018944e-02,0.000000000000000000e+00,7.715028105789222268e-01,5.464162778113934582e-01,5.839965106770601544e-01,0.000000000000000000e+00,3.251058532386348343e-01,6.230332816427390785e-01,5.410980220854294531e-01,1.753067880092447697e-02,0.000000000000000000e+00
0.000000000000000000e+00,0.000000000000000000e+00,2.053503503808142819e-07,1.283298320485547135e-05,0.000000000000000000e+00,0.000000000000000000e+00,7.984330501951059967e-06,4.454599913588498341e-05,2.040113831881098798e-05,3.728984890303994610e-05,1.399828367497948280e-05,3.576392210855751629e-05,0.000000000000000000e+00,2.862085306835919843e-03,8.712792341840086422e-04,1.302583444730583259e-04,3.247421034675279910e-04,0.000000000000000000e+00,5.056614257315150684e-02,8.412317027573779218e-06,1.589344671304598357e-04,3.468999742297631736e-03,8.772482692260843429e-01,2.277955629209639510e-02,0.000000000000000000e+00,8.515228309030854412e-04,0.000000000000000000e+00,2.655753630913673148e-03,3.912112005799946168e-03,3.700737313924446718e-03,8.198872665191696552e-01,1.638876486276438227e-01,0.000000000000000000e+00,1.676935100549872937e+00,1.160896158630391417e+00,1.188605559007325008e+00,0.000000000000000000e+00,6.177871983473076645e-01,1.472594163919515697e+00,1.094111573487547062e+00,5.090707387778380805e-02,0.000000000000000000e+00
0.000000000000000000e+00,0.000000000000000000e+00,3.801860698664350303e-06,1.822062625187326738e-05,0.000000000000000000e+00,0.000000000000000000e+00,6.313132341254327638e-05,1.513074604003087449e-04,5.958937953029201542e-05,4.158754704854926995e-04,1.183058850883586661e-05,3.583788804839603895e-05,0.000000000000000000e+00,5.478886146210648275e-03,2.413230813850923435e-03,4.369970143227848783e-04,7.164011727527671430e-04,0.000000000000000000e+00,2.263044792486409162e-01,4.201354057366011381e-05,4.789949841715115952e-04,4.809946263631573009e-03,1.540979408751822710e+00,4.275906887666226786e-02,0.000000000000000000e+00,2.261123727191375558e-03,0.000000000000000000e+00,1.047938519517023839e-02,9.610954292612676822e-03,1.146180709922327116e-02,1.946650265912536204e+00,5.650240736583375112e-01,0.000000000000000000e+00,3.786076276155956322e+00,2.916350261591117210e+00,2.913700436763831281e+00,0.000000000000000000e+00,1.440754747151204329e+00,3.282499879288451883e+00,2.126005750189974286e+00,1.945825728615551142e-01,0.000000000000000000e+00
0.000000000000000000e+00,0.000000000000000000e+00,4.350753765218494496e-06,3.098212741234096138e-05,0.000000000000000000e+00,0.000000000000000000e+00,4.094415530402668467e-05,7.339229158272247370e-04,1.495979990892761218e-03,8.146722188932297229e-04,4.108763642704402154e-04,9.517399329718376742e-05,0.000000000000000000e+00,3.139267697752907288e-02,7.123276286473053179e-03,2.024914856782634477e-03,5.355313483518909373e-03,0.000000000000000000e+00,5.532977626623947209e-01,2.808314754241903540e-04,4.488927900364681443e-03,3.184352190013019918e-02,3.687543421282811984e+00,8.112611555275416053e-02,0.000000000000000000e+00,5.740478654701300365e-03,0.000000000000000000e+00,3.624486921505205850e-02,4.968297426704742364e-02,2.745890587353444143e-02,5.551989487875135687e+00,1.963554868921536745e+00,0.000000000000000000e+00,9.929862573533460690e+00,8.285813971552391521e+00,8.190579907348169542e+00,0.000000000000000000e+00,4.449679004952234784e+00,8.827738704495654787e+00,5.634785622562583640e+00,5.371348186500068955e-01,0.000000000000000000e+00
0.000000000000000000e+00,0.000000000000000000e+00,1.128933125036798258e-05,2.186139536899208877e-05,0.000000000000000000e+00,0.000000000000000000e+00,5.853297771164200214e-05,7.986939085750491317e-04,4.102295662774082846e-04,5.311900275704313588e-04,1.851786040314530916e-04,2.402039539735390840e-04,0.000000000000000000e+00,5.325307011164400611e-03,6.567195216013655377e-03,1.026770454153031354e-03,4.134029561836151390e-02,0.000000000000000000e+00,3.947556446199688707e-01,1.271246486099995019e-04,1.225221795436348812e-03,6.944771345215024205e-02,4.144835550035048222e+00,7.600364387450651849e-02,0.000000000000000000e+00,1.413715875906718794e-02,0.000000000000000000e+00,3.269636662541121341e-02,5.014706892435146640e-02,2.820087635606924673e-02,5.775543653517455134e+00,1.185139859610829127e+00,0.000000000000000000e+00,9.008810560234101317e+00,7.114748310825734556e+00,7.230071043892227323e+00,0.000000000000000000e+00,4.136236728144853991e+00,7.346734318957247822e+00,5.609049975955874068e+00,4.632948701536303560e-01,0.000000000000000000e+00
0.000000000000000000e+00,0.000000000000000000e+00,2.653984148163061053e-06,1.729341070289292727e-05,0.000000000000000000e+00,0.000000000000000000e+00,3.633163222542716369e-05,1.058645873367505661e-04,1.481968485814349849e-06,1.573179876629070782e-04,4.428021410054320552e-05,5.827676658859381445e-05,0.000000000000000000e+00,4.968683883236127245e-03,9.871987850391230127e-04,3.852614834335105860e-04,1.210286875379263738e-03,0.000000000000000000e+00,1.590597855897082358e-01,7.001253702319370229e-04,8.632044300536718950e-03,6.821638967484754124e-02,9.631216356310999815e-01,2.658338513208366796e-02,0.000000000000000000e+00,3.077234954179673080e-03,0.000000000000000000e+00,1.276951057937322602e-02,5.104287712785025161e-02,3.873190193368609632e-03,1.674936123557929868e+00,4.561610857049346324e-01,0.000000000000000000e+00,2.533807683443606518e+00,2.228929861781648647e+00,2.201087280849255645e+00,0.000000000000000000e+00,1.302581203572309221e+00,2.129121756601982440e+00,1.417128685986472680e+00,2.176585247010013047e-01,0.000000000000000000e+00
0.000000000000000000e+00,0.000000000000000000e+00,3.679842052555444800e-06,9.923268430475368833e-06,0.000000000000000000e+00,0.000000000000000000e+00,3.474499884336052554e-05,8.447992882694352866e-05,1.030175764520997788e-04,3.228122723050930236e-05,3.349883037088248385e-05,2.789081769825838008e-05,0.000000000000000000e+00,3.232099969683370922e-03,6.496401994647609457e-04,2.081660614686415634e-04,4.412898689545069106e-04,0.000000000000000000e+00,8.273381751084367408e-02,6.257488231027970478e-04,9.963978257161476212e-03,7.118973930356094215e-02,6.234869070610739028e-01,8.555987972813544271e-03,0.000000000000000000e+00,2.615315705156075459e-03,0.000000000000000000e+00,8.002731737327664976e-03,4.403267856904553162e-02,2.456100835854379324e-03,1.376847374145067970e+00,3.128218833983589797e-01,0.000000000000000000e+00,1.762889053105652692e+00,1.784835959822035800e+00,1.780385507531095035e+00,0.000000000000000000e+00,1.105427789524032534e+00,1.460706825284538546e+00,9.521596959487474976e-01,1.591324285589818810e-01,0.000000000000000000e+00
0.000000000000000000e+00,0.000000000000000000e+00,5.175409517426135010e-07,8.150443862601123194e-06,0.000000000000000000e+00,0.000000000000000000e+00,1.777629998335305943e-06,8.734486080580769289e-06,1.466943828784426028e-04,1.769246602416794462e-05,5.674701641440130923e-05,1.111475860555767840e-05,0.000000000000000000e+00,3.444569092555717620e-03,3.972475133633339797e-04,9.824602091719212616e-05,6.839234785280956389e-04,0.000000000000000000e+00,3.713878911621785323e-02,1.157868168877321599e-04,2.026441284543145746e-04,2.726416274912339156e-03,4.387707866095467146e-01,6.521914469696572618e-03,0.000000000000000000e+00,2.686965294719668301e-03,0.000000000000000000e+00,8.293240485775434101e-03,1.063959232040068321e-02,1.036595444520127182e-02,5.933560889486378942e-01,2.234382173438296537e-01,0.000000000000000000e+00,1.119566249309394967e+00,9.326799547819788483e-01,9.204804886326594104e-01,0.000000000000000000e+00,5.333647159156396089e-01,1.055130570910892240e+00,6.955086634057139339e-01,6.455218648886190680e-02,0.000000000000000000e+00
0.000000000000000000e+00,0.000000000000000000e+00,1.464843634780019334e-06,7.821010793106802209e-06,0.000000000000000000e+00,0.000000000000000000e+00,4.510954654153751334e-07,4.809592760135605730e-05,2.536539309129793576e-04,3.472379078211534738e-06,5.547270714871148828e-05,2.042425559097888580e-05,0.000000000000000000e+00,3.511693294217991743e-03,2.781058952590098913e-04,9.761128282588076846e-05,1.607045145473695244e-03,0.000000000000000000e+00,1.173507981471827444e-02,4.317434263315944473e-05,3.143712091895535347e-03,4.169786676581620916e-02,3.576212674930007163e-01,4.626783778784867088e-03,0.000000000000000000e+00,9.872786551223894369e-03,0.000000000000000000e+00,2.264345177921327223e-02,4.574267212744395628e-02,1.214960118110616077e-02,7.363852253486429245e-01,1.496689671164522784e-01,0.000000000000000000e+00,8.627529359612392534e-01,9.321727724816161187e-01,9.149192059620356865e-01,0.000000000000000000e+00,6.850966657911203850e-01,7.892548643355854487e-01,5.927301510293092601e-01,1.274608095200334690e-01,0.000000000000000000e+00
0.000000000000000000e+00,0.000000000000000000e+00,8.105695869020452781e-06,1.494585474215955122e-05,0.000000000000000000e+00,0.000000000000000000e+00,1.953465792888316503e-06,3.517148694008359107e-05,2.070121692975769774e-04,1.057136562505486597e-05,1.358781881655072157e-05,1.300603026608905531e-05,0.000000000000000000e+00,1.172701503724236970e-03,1.483889293678012527e-04,9.236156781808662274e-05,9.319517405016020106e-03,0.000000000000000000e+00,1.822821123616463713e-03,4.358803989941127270e-05,6.996792544883141153e-03,4.208509426970058476e-02,1.520865666751079204e-01,1.777774224602532947e-03,0.000000000000000000e+00,3.919448640246018384e-03,0.000000000000000000e+00,1.347854404228650271e-02,4.079620794304938958e-02,7.984758505946145876e-03,3.398761473127837607e-01,1.449887293831363388e-01,0.000000000000000000e+00,3.707396182708753152e-01,4.423902830700107702e-01,4.159126200765378978e-01,0.000000000000000000e+00,4.252206049772471186e-01,4.380013328349013357e-01,3.352078054618560787e-01,8.538051346276707976e-02,0.000000000000000000e+00
0.000000000000000000e+00,0.000000000000000000e+00,1.263613570996249822e-06,4.494932158118891155e-06,0.000000000000000000e+00,0.000000000000000000e+00,2.447944320176062468e-05,1.892044463090429962e-06,2.176557466752292440e-04,3.479973476726900444e-06,4.655689993858242339e-06,3.531754268621507805e-06,0.000000000000000000e+00,1.446849980078856231e-03,2.762355583312663934e-05,2.616310306562092837e-05,2.364300606099507557e-03,0.000000000000000000e+00,3.021005236191305556e-04,1.138906965930788691e-04,1.692143687092851701e-03,4.641582036045974191e-02,1.672118907815753897e-01,4.286112905340477407e-04,0.000000000000000000e+00,3.242257021053457713e-03,0.000000000000000000e+00,1.077673560643346157e-02,2.959763463504279726e-02,7.403856007209854567e-03,6.400733665043062404e-01,1.441883495732628091e-02,0.000000000000000000e+00,3.935209826141333744e-01,6.490220642604129786e-01,6.539723659759639762e-01,0.000000000000000000e+00,5.291300805855342348e-01,2.654336333662717928e-01,2.434269760239567981e-01,9.009945501255092748e-02,0.000000000000000000e+00
0.000000000000000000e+00,0.000000000000000000e+00,1.286240460854958596e-05,1.007269556341177853e-05,0.000000000000000000e+00,0.000000000000000000e+00,2.095687801902504934e-06,3.094883707481017818e-06,2.305732253562430689e-05,2.212185450303741740e-05,2.445690288202605523e-05,4.859534396648316964e-06,0.000000000000000000e+00,8.005856935160268664e-04,9.669889928984181390e-05,6.377932551111754542e-05,4.225632929150346072e-03,0.000000000000000000e+00,1.341281454619756928e-03,2.074885393060092503e-05,3.118319126740532604e-03,4.909075992496863411e-02,2.691428729627439731e-01,1.671830197880472442e-03,0.000000000000000000e+00,3.359820247400157559e-03,0.000000000000000000e+00,9.486531969602293723e-03,3.071488045002616213e-02,6.691418922129209121e-03,6.822102234613200977e-01,7.987740248409028188e-02,0.000000000000000000e+00,5.636784443674673906e-01,7.319314130823604270e-01,7.356887276608985449e-01,0.000000000000000000e+00,6.119452586531950455e-01,4.750329495612844455e-01,4.082150696347975338e-01,8.983594409887585286e-02,0.000000000000000000e+00
0.000000000000000000e+00,0.000000000000000000e+00,4.774640185672089694e-06,9.332174735061262217e-06,0.000000000000000000e+00,0.000000000000000000e+00,3.496795397250304433e-06,5.851668861301960296e-06,1.892633785531054006e-04,2.751827362250040387e-04,2.284890434251335593e-05,3.691511005711035182e-05,0.000000000000000000e+00,1.277885709349128570e-03,1.703166041040689337e-04,1.001776852504709903e-04,1.002836628419259072e-04,0.000000000000000000e+00,1.160084541237919528e-02,2.855344921669493875e-04,9.696052480806332391e-03,8.344162170952683366e-02,7.336899560897478523e-01,1.193162517214753880e-02,0.000000000000000000e+00,5.817837725978538752e-03,0.000000000000000000e+00,1.454589368749913646e-02,5.418336137624144705e-02,6.402153552658881169e-03,1.150591232775121098e+00,9.795530808424515734e-02,0.000000000000000000e+00,1.353387656758411550e+00,1.286118469280773668e+00,1.311751021211766455e+00,0.000000000000000000e+00,9.331025614837789028e-01,1.106126357306702834e+00,9.338006613473478490e-01,1.472368721066915631e-01,0.000000000000000000e+00
0.000000000000000000e+00,0.000000000000000000e+00,8.166397317969668678e-06,1.841481592462938108e-05,0.000000000000000000e+00,0.000000000000000000e+00,1.136414328699776571e-05,1.408526237790948707e-05,4.232235630477239471e-05,1.581317487957031441e-04,8.625779566146359940e-06,4.820673129343788673e-05,0.000000000000000000e+00,4.437130760555175329e-03,5.049647700486954889e-04,2.336394872738662256e-04,2.183231917258631079e-04,0.000000000000000000e+00,3.488725126446917679e-02,7.298478202886227195e-05,4.458198538036220091e-04,2.168466164464496679e-02,2.118038282550440243e+00,5.708625980060782340e-02,0.000000000000000000e+00,2.617479059920549238e-03,0.000000000000000000e+00,1.076115124926552494e-02,1.445836624074051981e-02,1.375388135520136737e-02,1.980694423759260303e+00,1.286268938999984568e-01,0.000000000000000000e+00,3.489342392730898190e+00,2.416486422472020834e+00,2.530807102300872469e+00,0.000000000000000000e+00,1.435653588909784117e+00,2.947551782875780901e+00,2.487613538488409493e+00,1.094811281707804285e-01,0.000000000000000000e+00
0.000000000000000000e+00,0.000000000000000000e+00,2.030088556671010864e-06,3.629362298990898193e-05,0.000000000000000000e+00,0.000000000000000000e+00,3.202783709890712899e-05,3.600726420066489787e-04,1.297949995459007071e-05,4.566636834733756077e-04,1.557346890244400259e-04,8.146986123180021951e-05,0.000000000000000000e+00,9.179234841889224658e-03,2.861682069111878054e-03,7.078999671404649424e-04,8.741872231561816954e-04,0.000000000000000000e+00,1.639112358717352003e-01,1.502202573156625467e-04,1.232241892127209368e-03,2.032838807609155946e-02,3.252412281874635713e+00,6.735245558882524408e-02,0.000000000000000000e+00,1.472284002879318231e-03,0.000000000000000000e+00,5.276469895750418929e-03,4.811020438674104040e-03,3.282588534559882382e-03,3.059203550378871483e+00,4.614161551677238293e-01,0.000000000000000000e+00,5.890975730966978574e+00,4.054490783064241377e+00,4.221633087905680703e+00,0.000000000000000000e+00,2.225901972427192010e+00,5.060251749043580105e+00,3.930814276399326790e+00,1.582767006885047179e-01,0.000000000000000000e+00
0.000000000000000000e+00,0.000000000000000000e+00,1.567637877453484607e-05,1.134205210048237816e-05,0.000000000000000000e+00,0.000000000000000000e+00,1.400335106106103181e-04,5.693110683053878573e-03,1.679878063986560508e-04,8.172185559460282351e-04,8.591904734947296361e-05,8.359668568784785442e-05,0.000000000000000000e+00,1.941921636782838884e-02,5.104547368231788888e-03,2.705501009286017614e-03,1.467311180234320963e-03,0.000000000000000000e+00,7.637210594619645576e-01,8.182860904949267565e-04,3.703271900515301817e-03,2.387760625909658707e-02,5.656598308519646956e+00,2.237245720241672065e-01,0.000000000000000000e+00,3.863835783969831253e-03,0.000000000000000000e+00,2.298582888788896356e-02,1.794049058273214717e-02,2.443145613629773769e-02,6.507321628358888610e+00,1.722115462613231118e+00,0.000000000000000000e+00,1.274366247378898365e+01,9.218430156634321193e+00,9.154949627211967922e+00,0.000000000000000000e+00,4.576682481941054093e+00,1.082404613974088115e+01,7.432070426360423809e+00,6.403956849611203150e-01,0.000000000000000000e+00
0.000000000000000000e+00,0.000000000000000000e+00,1.359298417706988188e-04,5.834558063397103644e-04,0.000000000000000000e+00,0.000000000000000000e+00,4.368841459784238070e-04,4.731152253349173165e-02,4.096685382000967617e-04,2.852437920352979793e-03,1.513936728611666458e-03,2.536210889382693907e-03,0.000000000000000000e+00,6.590303455508458863e-02,4.989871463835230531e-02,2.121065736409682989e-02,1.168717002287146811e-01,0.000000000000000000e+00,2.773606056192396530e+00,2.590007909544193507e-02,2.684002255362007427e-01,6.000590108832118963e-01,1.607069916177185576e+01,8.916432153849024322e-02,0.000000000000000000e+00,1.285440342548231918e-01,0.000000000000000000e+00,2.930337471578143838e-01,1.028803566341303766e+00,3.716552737666018458e-01,2.645071724123608803e+01,9.647038018929970704e+00,0.000000000000000000e+00,4.637726316010893868e+01,3.733833149796387119e+01,3.684355752507310200e+01,0.000000000000000000e+00,1.926211159696288178e+01,3.878610049296302975e+01,2.588374394559241765e+01,3.222661610630338291e+00,0.000000000000000000e+00
