0.000000000000000000e+00,0.000000000000000000e+00,2.067760574257715086e-04,4.916233177976101192e-04,0.000000000000000000e+00,0.000000000000000000e+00,2.749563288390139033e-03,1.157611365519820154e-03,1.986176736486412742e-02,8.302208718305698065e-02,1.205104880920146752e-03,1.242028130680006837e-01,0.000000000000000000e+00,6.239222495521062894e-02,5.400497080818448259e-01,6.385243344482752770e-01,5.013536075373357104e-01,0.000000000000000000e+00,1.260360180356568449e+01,5.048811738245434277e+00,1.047921218081672157e+00,5.130370064887609383e-01,1.037791771125489218e-02,7.437654529970982864e-01,0.000000000000000000e+00,2.121139181535686147e-01,0.000000000000000000e+00,1.235693079686441154e+00,8.866620397544568988e-01,1.784907626226890920e-01,5.325463938578182344e+00,1.433190292919758413e+00,0.000000000000000000e+00,2.594444557402512785e+00,9.927393432424887365e+00,1.731923212239525389e+00,0.000000000000000000e+00,2.029830181197525363e+01,1.841611792195805819e+01,2.594504306815576200e+00,1.547338763603313083e+01,0.000000000000000000e+00
0.000000000000000000e+00,0.000000000000000000e+00,5.793058704564993612e-06,5.154284518083064376e-04,0.000000000000000000e+00,0.000000000000000000e+00,1.096108699129046121e-04,3.510871932910404353e-05,9.720357598183390624e-03,2.627158463921960146e-02,9.049840107583988994e-04,2.261891238293821382e-02,0.000000000000000000e+00,1.024513923254677210e-02,5.417469401534106416e-02,1.613318798616117655e-01,4.308407792121507485e-01,0.000000000000000000e+00,3.463004725832087072e+00,2.808993068494789913e+00,6.981895131089724815e-01,8.944517417877652365e-02,1.862512790507494520e-01,2.997262309059721686e-01,0.000000000000000000e+00,6.396534149598667729e-02,0.000000000000000000e+00,1.618230442272817760e-01,3.014592339680564614e-01,8.300920217343261964e-02,1.400358004176786908e+00,2.534602296531004439e-01,0.000000000000000000e+00,1.445557320154964742e+00,4.742468193790522868e+00,5.742328768029714148e-01,0.000000000000000000e+00,6.599072180175568292e+00,7.092491971160352904e+00,6.729088538188554569e-01,4.261362158987567206e+00,0.000000000000000000e+00
0.000000000000000000e+00,0.000000000000000000e+00,5.029637710133281491e-08,4.512214148472672918e-04,0.000000000000000000e+00,0.000000000000000000e+00,4.673803108888372441e-05,3.900080310581039615e-05,4.327706019456098799e-03,8.406843027524651610e-03,3.134854428857908781e-04,2.063267873248393006e-03,0.000000000000000000e+00,1.795841509306356698e-03,5.611015934676797344e-03,3.530744133717463040e-02,1.500927092089981985e-01,0.000000000000000000e+00,2.017656938013085099e+00,1.446122379096253185e+00,3.556028187674160068e-01,2.772983349546616350e-02,7.060623151005679388e-02,1.503690830283514190e-01,0.000000000000000000e+00,3.052511889205624870e-02,0.000000000000000000e+00,1.302924481996520049e-02,1.480688730643583972e-01,1.472408092231765157e-02,7.820325972305270934e-01,2.432270570584786629e-02,0.000000000000000000e+00,5.263637308705623186e-01,2.109500068560723918e+00,6.840329428716976357e-02,0.000000000000000000e+00,3.288617765441447904e+00,3.327063201059967223e+00,1.537423506950452157e-01,2.358837358439449527e+00,0.000000000000000000e+00
0.000000000000000000e+00,0.000000000000000000e+00,3.736540428127696295e-07,2.153271146966849231e-04,0.000000000000000000e+00,0.000000000000000000e+00,4.503373762555227047e-04,7.173077717442922867e-05,1.828092190109505090e-03,1.524807357425758247e-03,1.109189435371585309e-04,3.645593480063834962e-03,0.000000000000000000e+00,9.178393586399516586e-04,1.506961912509061953e-02,2.581411777875877028e-02,2.133455546498153402e-02,0.000000000000000000e+00,1.464808734237383891e+00,4.766930651739568203e-01,5.936813144793806618e-02,8.134194750470056514e-04,5.440621703544260002e-02,5.725575900786572525e-02,0.000000000000000000e+00,1.141355946427173931e-02,0.000000000000000000e+00,3.177116128456505123e-02,1.595891565275630100e-02,2.400613102658088333e-02,8.294232588636138992e-01,1.404010246667229851e-02,0.000000000000000000e+00,5.101965751671074800e-01,8.335541566635730204e-01,1.520776570743404554e-01,0.000000000000000000e+00,1.798784502479507053e+00,1.550854556101970205e+00,1.257564266620075366e-01,1.603290269507567256e+00,0.000000000000000000e+00
0.000000000000000000e+00,0.000000000000000000e+00,1.355762357744773768e-07,1.044518918134346000e-05,0.000000000000000000e+00,0.000000000000000000e+00,2.286812477701438690e-06,1.207090332502712963e-05,3.730838713473656992e-04,1.387957460849891336e-04,1.724143811992901102e-05,2.704787714513592987e-03,0.000000000000000000e+00,1.084157989177658744e-05,3.101204251874485965e-02,7.874806088208502475e-02,6.432277261156840210e-03,0.000000000000000000e+00,6.299802470475415195e-01,2.564479361904188903e-01,4.603752883379694238e-02,3.754111592526371798e-03,2.387275166938354967e-02,2.264903297134658947e-02,0.000000000000000000e+00,2.502558061350194669e-03,0.000000000000000000e+00,1.034443468497650426e-01,1.769384813540908832e-02,1.666708720529736648e-02,3.333955428387790909e-01,3.860923909644156053e-03,0.000000000000000000e+00,1.993712519784946180e-01,4.304205458289313002e-01,5.878461937851412605e-02,0.000000000000000000e+00,8.286474614151545515e-01,7.393883410989516847e-01,1.211828530591036596e-01,7.659849480739312488e-01,0.000000000000000000e+00
0.000000000000000000e+00,0.000000000000000000e+00,1.457554353858707662e-08,2.493922489968436813e-07,0.000000000000000000e+00,0.000000000000000000e+00,3.470836835952775246e-07,5.312202347851849050e-06,1.052368806785595448e-05,2.570680714626612543e-05,3.388469189769080270e-06,1.915484309109322407e-03,0.000000000000000000e+00,5.568048661101762989e-05,6.871646376677907966e-03,3.501874193556262643e-02,5.982428342226943536e-03,0.000000000000000000e+00,9.696603179116733418e-02,5.467486437827608764e-02,9.081553975997110409e-03,3.782177826910907868e-04,1.345239656031733304e-03,2.400589484007717433e-03,0.000000000000000000e+00,3.142421462473394384e-04,0.000000000000000000e+00,3.280063354758935151e-02,4.160738529673341408e-03,9.455295691879824979e-03,4.608344483594509905e-02,5.965719560666977658e-03,0.000000000000000000e+00,4.602116717302071752e-02,9.680151020015473340e-02,7.836501477495733115e-03,0.000000000000000000e+00,1.496835929635788043e-01,1.573503456157716029e-01,4.765406237983553506e-02,1.489467774893798724e-01,0.000000000000000000e+00
0.000000000000000000e+00,0.000000000000000000e+00,3.089994175801567714e-07,5.940339711210243832e-08,0.000000000000000000e+00,0.000000000000000000e+00,3.916616998073245594e-05,1.871052394558007334e-05,8.341508138943552745e-07,4.172648533770841078e-05,1.739409924953317946e-05,3.461776841464864109e-03,0.000000000000000000e+00,4.124516803019672649e-05,2.271801452153061028e-03,6.838272256854347093e-03,6.454978067784190041e-04,0.000000000000000000e+00,2.269022848905695722e-01,6.615513708379495983e-02,6.940120191181166527e-03,6.047003071930925856e-04,2.711939516820005645e-03,6.023997125417101953e-04,0.000000000000000000e+00,1.792405080478566039e-04,0.000000000000000000e+00,9.571334336213392982e-03,2.543788687720254828e-03,6.177221633819472701e-03,1.469498977404752604e-01,4.058771383621925105e-03,0.000000000000000000e+00,9.133918649625129282e-02,1.213412134495933797e-01,4.142187172677282148e-02,0.000000000000000000e+00,2.622855341248151451e-01,2.132847397245324350e-01,1.929923410262100736e-02,2.473566991016301619e-01,0.000000000000000000e+00
0.000000000000000000e+00,0.000000000000000000e+00,1.699687797443764688e-07,2.617054324532810843e-07,0.000000000000000000e+00,0.000000000000000000e+00,1.273989706971574797e-05,2.512141790055873498e-06,3.577331643876201190e-05,1.968000976425845081e-05,4.574821939999151128e-05,6.044585632650857832e-05,0.000000000000000000e+00,4.955945529858797115e-06,6.633962248219315953e-04,2.183836424016185208e-03,1.480521616165723366e-04,0.000000000000000000e+00,3.845373648255438759e-02,1.458705671862763759e-02,2.480968392175906829e-03,2.079946386631106522e-04,4.353653374130103497e-03,1.905011977324263259e-03,0.000000000000000000e+00,6.016264601745486700e-05,0.000000000000000000e+00,2.407137144470690351e-03,1.064093668146591986e-03,3.997060104151771605e-03,2.237440657871025626e-02,1.067261637926157332e-03,0.000000000000000000e+00,2.049418428580165874e-02,2.894811749894376368e-02,4.808784076318307552e-03,0.000000000000000000e+00,5.080335569240421179e-02,5.175843234951395949e-02,9.820934561629348844e-03,4.588390032038244110e-02,0.000000000000000000e+00
0.000000000000000000e+00,0.000000000000000000e+00,7.303163334342684749e-07,3.419379325885324075e-08,0.000000000000000000e+00,0.000000000000000000e+00,3.386209075037341815e-05,2.073379632919095271e-06,1.757110737071315698e-04,6.051113531391244293e-05,4.677541990721861115e-04,4.544442326430148528e-04,0.000000000000000000e+00,1.035916391165483177e-05,2.796852240620653998e-04,1.331161343214550073e-03,2.067524040768742169e-04,0.000000000000000000e+00,3.105075192675383830e-02,9.383057992043782394e-03,1.317298301556882930e-03,3.591274804185656529e-04,1.084451034719886159e-02,3.967225691198956149e-03,0.000000000000000000e+00,6.194970412192522900e-04,0.000000000000000000e+00,1.173236557159007543e-03,6.805955123930484399e-04,3.356050312846056965e-03,2.437996933703701768e-02,1.513428672808161653e-03,0.000000000000000000e+00,2.715884350416197107e-02,2.812262717712122814e-02,9.005492533714434117e-03,0.000000000000000000e+00,4.596404647972774510e-02,5.001171424941381477e-02,1.651205960529769992e-02,3.689160855202550798e-02,0.000000000000000000e+00
0.000000000000000000e+00,0.000000000000000000e+00,5.185461006301143033e-07,7.172903308438204809e-09,0.000000000000000000e+00,0.000000000000000000e+00,1.431431763232742939e-06,6.750808204597885327e-06,3.011945917025744731e-05,3.687441268506121324e-05,8.083292316335501961e-05,3.169265060401619031e-04,0.000000000000000000e+00,8.600111337183300451e-05,8.838732303842390019e-04,2.986004354401837740e-03,1.254092247818073408e-03,0.000000000000000000e+00,2.634734030276759606e-02,1.084708007698498289e-02,2.355051077521172573e-03,1.004438312409597724e-04,1.024244147304312000e-02,4.620735589105689524e-03,0.000000000000000000e+00,7.998491334380764710e-05,0.000000000000000000e+00,2.820936128773057338e-03,1.012269657856216870e-03,1.819260571209016129e-03,1.772649430638976661e-02,8.526724261198755615e-04,0.000000000000000000e+00,2.318646162895761365e-02,2.683701199303994978e-02,5.793044026871679159e-03,0.000000000000000000e+00,3.967427433317342877e-02,4.644443865589179682e-02,1.492352519075909080e-02,3.206592911435335314e-02,0.000000000000000000e+00
0.000000000000000000e+00,0.000000000000000000e+00,3.789347338420847750e-07,1.138910619577560454e-08,0.000000000000000000e+00,0.000000000000000000e+00,3.531552963176302222e-06,2.608592484564449361e-06,1.331806990482344277e-05,5.866998534829414539e-05,1.251712890060176697e-04,2.406247978154478669e-04,0.000000000000000000e+00,3.100477056095355712e-04,6.169537293514664291e-04,9.024830148400833033e-04,2.152557231336314238e-04,0.000000000000000000e+00,2.225873908293153278e-02,1.408789184315883264e-02,4.063494525055253576e-03,7.945377492687600999e-04,3.758680420929045880e-03,1.313869051246805688e-03,0.000000000000000000e+00,3.876440894832168201e-05,0.000000000000000000e+00,1.099852610586382140e-03,2.200502807132675379e-03,1.693901067519612558e-03,1.193443202325980210e-02,9.458985897848262584e-04,0.000000000000000000e+00,1.155191712586826035e-02,2.447095879282068162e-02,4.142489294666048573e-03,0.000000000000000000e+00,3.698735820075713804e-02,3.897778279949063590e-02,6.807268255547179771e-03,2.768668084407085658e-02,0.000000000000000000e+00
0.000000000000000000e+00,0.000000000000000000e+00,9.485541874343366329e-08,1.757225110314977846e-07,0.000000000000000000e+00,0.000000000000000000e+00,6.746524641378558119e-06,2.339622948934200137e-07,5.930026962755883891e-06,1.449437345320683256e-05,9.760773500834868843e-05,3.745146755992699139e-05,0.000000000000000000e+00,1.174175021361525408e-04,3.404478826446835941e-04,8.332252910391885637e-04,5.383013474400016093e-04,0.000000000000000000e+00,5.471240390668627267e-03,4.968592447551715280e-03,2.980392638801617616e-03,1.549840663563191402e-03,2.568491791391548651e-04,2.752683620942934675e-04,0.000000000000000000e+00,4.645686833621197272e-05,0.000000000000000000e+00,3.897332220157559489e-04,2.577531218227386341e-03,6.418861775690455542e-04,3.268502631610460066e-03,2.755403793211255161e-04,0.000000000000000000e+00,2.841087853647198021e-03,9.044419308068898239e-03,1.079773286656618815e-03,0.000000000000000000e+00,1.104556293636279121e-02,1.094885581814563497e-02,1.918236105270596523e-03,9.517190879081219301e-03,0.000000000000000000e+00
0.000000000000000000e+00,0.000000000000000000e+00,2.778180411254613768e-09,6.203632838635987696e-08,0.000000000000000000e+00,0.000000000000000000e+00,3.926460431755891088e-06,3.822300229426395967e-07,1.729706999558389417e-05,3.559263854902425174e-05,7.634139354995462135e-05,1.586339733511631892e-04,0.000000000000000000e+00,5.562363717243639418e-05,5.571298183449356102e-04,1.464996401114603648e-03,4.358866000706560547e-04,0.000000000000000000e+00,2.178453015807222184e-03,1.733875008423860524e-03,5.332119939262331071e-04,4.580677510433403023e-04,8.968859098912765164e-04,1.369566147890928791e-04,0.000000000000000000e+00,7.858745355030218537e-05,0.000000000000000000e+00,1.456245862858063971e-03,4.882288443348373999e-04,3.832958883675837824e-04,4.297383808296067337e-03,2.309269140714518621e-04,0.000000000000000000e+00,3.465547579683207063e-03,6.726177844236545106e-03,3.180203912011978027e-03,0.000000000000000000e+00,7.016417757605540421e-03,6.131062523076528763e-03,3.059784774647995777e-03,4.906617637418163660e-03,0.000000000000000000e+00
0.000000000000000000e+00,0.000000000000000000e+00,1.150410840928489107e-07,1.138585945762576074e-07,0.000000000000000000e+00,0.000000000000000000e+00,4.137580365504203797e-06,5.781160988032411038e-07,1.516508653767804781e-05,1.243814068032864851e-05,3.747439322914050187e-04,4.307999551001833426e-04,0.000000000000000000e+00,7.518201721377431007e-05,6.057949434379299863e-04,1.684278931441481227e-03,5.181862243080156451e-04,0.000000000000000000e+00,1.338538452004457875e-02,4.821299622914308920e-03,9.417172814601354816e-04,2.918529907127802292e-05,1.140164588895668492e-03,8.113946922358329769e-05,0.000000000000000000e+00,8.978354739756972715e-05,0.000000000000000000e+00,1.966190195795756816e-03,5.666537921844450737e-04,3.680286114986497923e-04,1.021115949830003408e-02,6.798618372553335600e-04,0.000000000000000000e+00,7.049021943111874987e-03,1.107900734977566512e-02,4.106544311691402889e-03,0.000000000000000000e+00,1.915574977592557002e-02,1.644522207147995629e-02,4.392577994829250168e-03,1.654131105940832847e-02,0.000000000000000000e+00
0.000000000000000000e+00,0.000000000000000000e+00,2.362770789761635540e-07,1.838834495803610024e-07,0.000000000000000000e+00,0.000000000000000000e+00,2.125360687541289018e-06,1.118537392091558834e-06,3.333358346334863400e-05,1.266540687979669714e-05,1.327351116307429017e-03,2.631352293217327260e-04,0.000000000000000000e+00,3.657479905195718884e-05,4.604782265941162510e-04,4.118207292979111055e-03,4.135510593007665769e-03,0.000000000000000000e+00,1.337377301466218318e-02,4.841806448600802920e-03,2.982511818972068737e-03,3.372918781065044596e-03,2.094986006736114775e-03,8.287252589168301329e-05,0.000000000000000000e+00,1.878469014361295751e-04,0.000000000000000000e+00,3.403809622337199397e-03,4.028308531077575555e-03,4.160654977370270178e-04,8.813638410275301954e-03,1.627179726876303153e-03,0.000000000000000000e+00,1.168252985319071305e-02,1.359524470388638086e-02,1.737309965419745915e-03,0.000000000000000000e+00,1.994434819459263430e-02,2.150183998347611480e-02,8.613783235836466531e-03,2.233198256535441628e-02,0.000000000000000000e+00
0.000000000000000000e+00,0.000000000000000000e+00,7.391846037223153930e-07,4.868063870197082590e-07,0.000000000000000000e+00,0.000000000000000000e+00,2.536593870833056891e-06,8.552259879281049016e-06,3.996193496599266065e-05,9.846912528901151482e-05,4.161613267622818533e-04,7.795423441241223030e-05,0.000000000000000000e+00,7.453099860461438405e-05,2.566347351222864992e-04,2.727597473351226279e-03,5.061974959787825072e-03,0.000000000000000000e+00,2.317136820558100829e-02,1.821603216735727046e-02,1.251052050583432128e-02,1.119798534721331944e-02,6.830240757342673392e-04,4.794069580991734952e-04,0.000000000000000000e+00,8.456359543532425275e-05,0.000000000000000000e+00,1.756784028330582838e-03,1.290663507230859972e-02,8.175442586752202593e-04,2.599212928036575068e-02,3.021021570332885122e-03,0.000000000000000000e+00,1.474735958649291308e-02,3.951019078903829362e-02,1.223782617703132562e-02,0.000000000000000000e+00,4.974716692613796731e-02,3.938155411362744690e-02,7.468229992472239648e-03,4.024381400559487454e-02,0.000000000000000000e+00
0.000000000000000000e+00,0.000000000000000000e+00,1.102380202496552730e-06,5.817699501489136247e-08,0.000000000000000000e+00,0.000000000000000000e+00,3.938093082180006079e-06,1.685726116375512245e-06,9.624172822010407724e-04,4.141791507326826084e-04,2.204851464745660923e-04,2.192289532927276029e-04,0.000000000000000000e+00,7.405730077269379171e-04,8.755053909430219336e-04,2.918308575485693921e-03,5.946208114199469028e-03,0.000000000000000000e+00,8.887078190494102775e-03,5.451932314226586203e-03,1.534963783334714667e-03,1.118024284050939034e-03,2.544745556923294974e-03,2.400141119626636238e-04,0.000000000000000000e+00,1.399096366263679605e-04,0.000000000000000000e+00,2.186862545047847488e-03,1.822351647942253286e-03,3.361954939122396499e-03,1.344114584005919044e-02,2.703755291580377858e-03,0.000000000000000000e+00,1.719216819739169747e-02,2.395495177389637964e-02,7.469181541966105758e-03,0.000000000000000000e+00,2.199811844850966397e-02,2.466464961590614929e-02,9.559910753960423196e-03,1.519435386410146645e-02,0.000000000000000000e+00
0.000000000000000000e+00,0.000000000000000000e+00,2.015226229087721491e-07,1.958107907975647522e-07,0.000000000000000000e+00,0.000000000000000000e+00,8.756634142499395080e-06,6.587191366800189938e-06,2.279211398866344204e-03,4.787573932550718550e-04,1.968706963779153244e-04,6.592663285246967990e-05,0.000000000000000000e+00,1.576271177923409912e-03,6.582331208321723229e-04,4.951863383949038286e-03,1.206309627297302324e-02,0.000000000000000000e+00,4.096651511924336020e-03,7.971476819103333680e-03,5.750138213970853313e-03,3.568451363149956982e-03,1.435827183737707104e-03,1.747458793207565567e-04,0.000000000000000000e+00,7.320166080369539495e-04,0.000000000000000000e+00,2.918021318917100437e-03,5.759266475228242040e-03,3.785398576963082060e-03,1.042937517620877615e-02,3.009897506400149338e-03,0.000000000000000000e+00,2.063634723389825773e-02,3.201051702557326101e-02,7.086275466344182407e-03,0.000000000000000000e+00,2.094335665660680343e-02,2.902921614662833105e-02,1.310017603280619683e-02,1.619504789267553826e-02,0.000000000000000000e+00
0.000000000000000000e+00,0.000000000000000000e+00,1.540284521530738418e-07,3.682863541047790808e-08,0.000000000000000000e+00,0.000000000000000000e+00,1.285019497462875001e-05,2.745009910566264448e-05,2.322905409390438704e-04,5.999323082189372044e-04,1.317675596828819361e-04,4.456614226566866008e-05,0.000000000000000000e+00,2.202373841949524080e-03,4.451829166557798399e-04,2.962122682251755283e-03,9.592023009767485300e-03,0.000000000000000000e+00,4.391599662129162633e-04,7.160124992352428011e-03,5.018069134068418695e-03,7.700183442693654288e-04,2.387914831327156776e-02,1.413175829751374835e-03,0.000000000000000000e+00,4.712971186055652266e-04,0.000000000000000000e+00,2.182551663413831704e-03,3.662379395546097940e-03,4.364210432860183772e-03,2.948687151091944000e-02,1.363629844592079317e-03,0.000000000000000000e+00,5.202983255727981760e-02,4.982318449993352466e-02,2.924793915652359674e-02,0.000000000000000000e+00,2.631864592468232539e-02,4.717108366751533721e-02,3.522539672085391732e-02,8.795069390891840574e-03,0.000000000000000000e+00
0.000000000000000000e+00,0.000000000000000000e+00,3.764869311893480771e-08,4.819560010898219759e-07,0.000000000000000000e+00,0.000000000000000000e+00,2.053044532900357065e-05,6.544067890624692665e-06,2.530095827856688543e-05,1.317197029187593626e-04,5.218866219221095660e-04,8.829013547470725468e-05,0.000000000000000000e+00,1.937785820488255057e-04,2.135221916882850364e-05,1.993840179027104968e-03,7.964147330634503696e-03,0.000000000000000000e+00,1.986441663329234671e-03,9.409202831322753882e-03,5.033244773502545087e-03,3.071520501629790116e-03,5.693523718586591953e-02,1.404176453555611289e-03,0.000000000000000000e+00,2.011165175286121318e-04,0.000000000000000000e+00,1.315134476953653576e-03,4.488986410855618121e-03,2.924616445537901819e-03,5.174832528417096233e-02,1.006521745939106122e-02,0.000000000000000000e+00,1.076152244954874382e-01,8.177166087703859054e-02,6.337762838095598039e-02,0.000000000000000000e+00,5.150069554110692921e-02,1.069778187664926355e-01,7.868560886754998041e-02,1.288824150721140822e-02,0.000000000000000000e+00
0.000000000000000000e+00,0.000000000000000000e+00,2.142986561953960765e-07,3.178439823929321104e-07,0.000000000000000000e+00,0.000000000000000000e+00,1.443273511778698098e-06,3.911505198075879581e-05,4.837641392436823652e-05,1.469389423722533333e-04,3.981815034730243542e-05,1.489253076854046354e-04,0.000000000000000000e+00,1.769008236747942513e-03,8.617197876520023715e-04,1.329811327034658873e-03,1.140116236643572405e-03,0.000000000000000000e+00,8.734017094760173835e-03,1.556134629468711780e-03,1.564642186604132956e-03,8.984664235656311367e-04,9.315563844244599545e-02,7.603174268485961632e-03,0.000000000000000000e+00,3.572245729212979214e-04,0.000000000000000000e+00,1.927717307291686036e-03,2.693348818147420394e-03,2.609522247089836842e-03,6.639217736120905933e-02,8.033538398234708888e-03,0.000000000000000000e+00,1.557615000649639481e-01,9.008337678225808443e-02,8.121387517164101177e-02,0.000000000000000000e+00,5.305695217154276361e-02,1.404714773523732807e-01,1.129918563118395974e-01,1.640172496713272754e-02,0.000000000000000000e+00
0.000000000000000000e+00,0.000000000000000000e+00,2.979262478522629122e-07,5.054510775253771144e-07,0.000000000000000000e+00,0.000000000000000000e+00,1.431468550821039608e-05,7.683698279436721736e-06,1.012331590168417603e-03,1.110327673760824998e-06,4.996129450656939830e-05,2.484133384113427936e-04,0.000000000000000000e+00,2.716966503365314688e-05,2.003891590624090252e-06,2.119706436603095972e-03,3.746711681622791096e-04,0.000000000000000000e+00,4.025256896659579003e-04,6.268830381888504735e-04,2.202015707133050774e-03,7.345767051884406502e-04,3.501330066269498636e-02,4.652983485708044389e-03,0.000000000000000000e+00,4.551908577792970062e-03,0.000000000000000000e+00,7.370569244756788830e-04,1.627546208445265720e-03,2.325501565271993927e-03,1.413930761301893622e-02,3.293839580060630400e-03,0.000000000000000000e+00,5.695155317405294071e-02,3.185712740669932597e-02,2.093778218929807575e-02,0.000000000000000000e+00,1.746104679690446693e-02,6.092240566614273711e-02,4.603676125594049345e-02,7.447411202132626744e-03,0.000000000000000000e+00
0.000000000000000000e+00,0.000000000000000000e+00,2.221383588129238853e-07,1.401728475455288910e-07,0.000000000000000000e+00,0.000000000000000000e+00,5.261196538999915257e-07,2.587235220846736324e-06,4.577027175933773631e-03,4.415649177435110854e-05,1.168740452468036787e-04,1.169437488377344511e-04,0.000000000000000000e+00,2.189762811371528630e-05,1.845476778138298575e-05,1.624774277568110910e-03,3.459117798848659582e-04,0.000000000000000000e+00,4.674522073331173456e-04,1.049674821604017737e-04,1.214591364583053959e-03,7.151652790239003670e-04,2.165053905460062079e-03,3.505186271251115732e-05,0.000000000000000000e+00,2.075603094475403365e-02,0.000000000000000000e+00,4.207193026591907003e-05,5.197853286383202634e-04,1.434552589232230245e-03,1.322723043608598284e-02,6.095362420726192602e-04,0.000000000000000000e+00,2.919800233473781106e-02,2.194792118740778591e-02,3.865727348753005867e-03,0.000000000000000000e+00,4.214970382344264063e-03,2.536378592652459643e-02,1.767055143879976697e-02,1.152400261085275053e-02,0.000000000000000000e+00
0.000000000000000000e+00,0.000000000000000000e+00,1.706581091487990623e-07,1.858714960194741707e-07,0.000000000000000000e+00,0.000000000000000000e+00,9.856119315196473947e-05,2.849293161659935702e-06,7.044196291398033272e-03,2.915406595569965467e-04,4.870233357165455485e-04,2.432314823490158140e-05,0.000000000000000000e+00,1.194078756976911900e-04,1.110066941456893340e-04,2.491925807151049860e-03,2.349097094848431324e-04,0.000000000000000000e+00,1.073930795219638497e-04,4.446532916666307749e-04,3.102764974083426375e-03,8.707276685362714402e-04,3.957374801799492733e-03,2.434830664634084554e-03,0.000000000000000000e+00,4.002180767913649656e-02,0.000000000000000000e+00,2.330690414499541740e-04,7.807254295067206796e-04,7.944876629149316867e-04,2.491466788613476424e-02,5.370294461832988151e-04,0.000000000000000000e+00,5.032307975680913592e-02,4.165242473742679363e-02,3.194083431711002355e-03,0.000000000000000000e+00,8.976005883645386471e-03,4.319271686796036930e-02,2.929772042068790050e-02,1.994119496901980079e-02,0.000000000000000000e+00
0.000000000000000000e+00,0.000000000000000000e+00,7.723933888499653268e-07,4.831909722023643831e-07,0.000000000000000000e+00,0.000000000000000000e+00,1.493354885480778972e-06,1.317131471206504748e-05,3.964268155065321653e-03,5.471016963211358750e-04,2.480590145430714094e-04,1.351423243575335466e-05,0.000000000000000000e+00,3.768563431990257424e-04,2.878417568050662854e-05,5.929026487259407736e-04,1.100080433936271191e-04,0.000000000000000000e+00,5.126312745668510718e-04,4.373003594159375544e-04,5.173738008986214108e-04,4.465629266277671501e-04,4.967872696589577600e-03,3.203365897545438264e-03,0.000000000000000000e+00,4.315625025136538007e-02,0.000000000000000000e+00,1.374782875946027963e-04,2.727005535692607579e-04,5.045169209460276553e-04,2.955785120050442860e-02,5.757545702716877723e-04,0.000000000000000000e+00,5.368225049722635117e-02,4.430362169488868962e-02,2.106769705248515492e-03,0.000000000000000000e+00,1.137501737222892245e-02,4.044846052769777295e-02,2.566950378752200917e-02,1.614518868734834620e-02,0.000000000000000000e+00
0.000000000000000000e+00,0.000000000000000000e+00,3.427973422425235509e-07,3.533083317236464644e-07,0.000000000000000000e+00,0.000000000000000000e+00,8.207583517790961925e-07,1.420294204959180621e-05,3.968038659358586080e-03,5.198926266155400435e-04,2.380049215067691324e-04,1.750213027910649908e-05,0.000000000000000000e+00,3.626163176763581592e-04,2.843751012577754261e-05,5.935561179172171896e-04,1.142293224749705888e-04,0.000000000000000000e+00,5.562969360024340492e-04,4.277845923296196614e-04,5.211773676592015327e-04,4.414929087213926022e-04,4.905359753991951101e-03,3.228763364477903533e-03,0.000000000000000000e+00,4.315126525440260430e-02,0.000000000000000000e+00,1.309275850235656446e-04,2.823913018476271889e-04,5.082652414379932281e-04,2.951512639093235510e-02,5.639481354390907036e-04,0.000000000000000000e+00,5.360503265570153858e-02,4.432977471034771355e-02,2.079048410625730040e-03,0.000000000000000000e+00,1.141163211563748885e-02,4.040699009500636069e-02,2.557469362231507698e-02,1.618995929602187397e-02,0.000000000000000000e+00
0.000000000000000000e+00,0.000000000000000000e+00,1.433276554074408377e-07,1.826917147814025586e-07,0.000000000000000000e+00,0.000000000000000000e+00,9.809937557703824384e-05,3.314395522669541893e-06,7.048621379025190280e-03,3.006616244146415474e-04,4.741822646533210353e-04,1.929256902107197823e-05,0.000000000000000000e+00,1.216627931926458304e-04,1.162156471808425110e-04,2.487068861559148074e-03,2.500419195581310840e-04,0.000000000000000000e+00,8.489513278727682662e-05,4.411753197833064737e-04,3.103552912106855195e-03,8.711069167534568570e-04,3.941239746078890535e-03,2.437145535318846912e-03,0.000000000000000000e+00,4.006339692792135199e-02,0.000000000000000000e+00,2.347764922404797035e-04,7.797287520909438165e-04,8.143188125884943951e-04,2.493255437677167896e-02,5.327536361551247395e-04,0.000000000000000000e+00,5.036957907826083991e-02,4.173424649761602739e-02,3.199489124120911271e-03,0.000000000000000000e+00,8.977499256522178395e-03,4.322039318867960944e-02,2.928031605242128674e-02,1.992994481808920207e-02,0.000000000000000000e+00
0.000000000000000000e+00,0.000000000000000000e+00,7.818340471205863334e-08,1.022283246715599464e-09,0.000000000000000000e+00,0.000000000000000000e+00,8.627940480096634071e-07,4.192549906143624251e-06,4.611012464618268608e-03,5.244066713841557560e-05,1.089551065109426603e-04,1.026505497539007564e-04,0.000000000000000000e+00,1.886100181126467432e-05,1.926276221150704479e-05,1.605309233455120979e-03,3.436524258901131699e-04,0.000000000000000000e+00,4.427549091964259474e-04,1.137123628612679815e-04,1.198046861289866821e-03,7.353289530620896880e-04,2.122581937500824922e-03,3.409741482368096869e-05,0.000000000000000000e+00,2.073820807813623809e-02,0.000000000000000000e+00,3.879024639515309347e-05,5.086201007949366255e-04,1.458652441224945855e-03,1.321861136181578383e-02,6.271798691896547737e-04,0.000000000000000000e+00,2.931377769023984017e-02,2.194158615092765136e-02,3.854069878800567804e-03,0.000000000000000000e+00,4.176100004476081262e-03,2.540289794036738533e-02,1.773479984984090152e-02,1.159349799638191743e-02,0.000000000000000000e+00
0.000000000000000000e+00,0.000000000000000000e+00,2.573208405397431653e-07,4.895630368504109140e-07,0.000000000000000000e+00,0.000000000000000000e+00,1.346977566503430262e-05,9.427918037012084697e-06,1.047608100910929789e-03,2.048841029807793559e-06,5.338745868841156240e-05,2.678509409135009000e-04,0.000000000000000000e+00,3.080575604291051499e-05,2.963964381737274613e-06,2.124374388897595171e-03,3.634887448561365951e-04,0.000000000000000000e+00,3.860281937318963135e-04,6.397048077639052970e-04,2.191376119409797676e-03,7.347583849295593250e-04,3.500234530236732977e-02,4.644249749142193191e-03,0.000000000000000000e+00,4.521488611437383086e-03,0.000000000000000000e+00,7.461634654085185728e-04,1.608328538008337765e-03,2.329974075181247360e-03,1.406952986397268061e-02,3.294414322889864868e-03,0.000000000000000000e+00,5.667287195677398609e-02,3.154267331703962396e-02,2.072836697195419575e-02,0.000000000000000000e+00,1.747390544091752956e-02,6.086812461484106263e-02,4.615725762653308945e-02,7.502242854154874546e-03,0.000000000000000000e+00
0.000000000000000000e+00,0.000000000000000000e+00,1.282889443916283270e-08,2.828364714252699578e-07,0.000000000000000000e+00,0.000000000000000000e+00,2.682819132347649333e-06,3.785923350799300265e-05,4.741577647026749690e-05,1.422445091247372172e-04,3.514947365514019343e-05,1.423666318536772073e-04,0.000000000000000000e+00,1.767522320631108573e-03,9.038597498717284261e-04,1.320153811841686666e-03,1.136195049990453400e-03,0.000000000000000000e+00,8.787964102239368552e-03,1.558004884596365545e-03,1.572409807366971328e-03,8.559977573349677928e-04,9.318578559217227664e-02,7.593927398099747927e-03,0.000000000000000000e+00,3.411419381007924599e-04,0.000000000000000000e+00,1.927552736853762379e-03,2.680628883160784525e-03,2.590520353327613497e-03,6.629282836355884778e-02,8.034879546702611980e-03,0.000000000000000000e+00,1.556085665086922032e-01,8.985907958421641972e-02,8.087321321092673376e-02,0.000000000000000000e+00,5.288702621574331575e-02,1.402862314499714325e-01,1.128901619091355890e-01,1.638876407822127679e-02,0.000000000000000000e+00
0.000000000000000000e+00,0.000000000000000000e+00,5.773143643353519648e-07,4.190732415331295356e-07,0.000000000000000000e+00,0.000000000000000000e+00,1.541640676340708189e-05,1.077143837984843764e-05,1.792837929328198183e-05,1.378301734982418693e-04,5.517765367881934547e-04,9.071416357759161603e-05,0.000000000000000000e+00,1.956873845309637370e-04,1.842654729331947883e-05,2.002385697426607540e-03,7.969228850752489365e-03,0.000000000000000000e+00,2.111721088662989708e-03,9.425177766668842855e-03,5.005816534469048618e-03,3.109448995565722209e-03,5.699089599669412975e-02,1.417666695107721751e-03,0.000000000000000000e+00,2.158174365520833119e-04,0.000000000000000000e+00,1.341989688552924775e-03,4.506482044650112623e-03,2.958339520113230196e-03,5.193243627097796078e-02,9.995591538374568735e-03,0.000000000000000000e+00,1.076162460103500251e-01,8.195498999055259026e-02,6.352275030360389485e-02,0.000000000000000000e+00,5.187510888704017359e-02,1.070919023250130747e-01,7.866449282451265512e-02,1.299092912423287054e-02,0.000000000000000000e+00
0.000000000000000000e+00,0.000000000000000000e+00,4.102761781491069133e-07,3.973396551864773232e-08,0.000000000000000000e+00,0.000000000000000000e+00,1.245752636088546332e-05,2.731741944482885158e-05,2.300612137354274332e-04,5.945896023645152236e-04,1.333717905940307198e-04,4.064581444613809581e-05,0.000000000000000000e+00,2.204998798046121488e-03,4.451344955831562969e-04,2.930741369462283412e-03,9.595878466225168241e-03,0.000000000000000000e+00,4.191104837578920792e-04,7.117493240831464923e-03,4.984558207485681458e-03,6.812124665354763169e-04,2.402134133526240972e-02,1.422092242046963002e-03,0.000000000000000000e+00,4.713232024681570948e-04,0.000000000000000000e+00,2.136092082206659474e-03,3.609036933608585334e-03,4.347288807013915263e-03,2.959700479580856108e-02,1.347925085857994143e-03,0.000000000000000000e+00,5.241501360912115964e-02,5.004549413337840147e-02,2.945731294336922240e-02,0.000000000000000000e+00,2.618160024503166788e-02,4.727610893012938742e-02,3.524269363707115826e-02,8.628746354008089842e-03,0.000000000000000000e+00
0.000000000000000000e+00,0.000000000000000000e+00,3.744574608188759611e-07,6.478707699359531698e-08,0.000000000000000000e+00,0.000000000000000000e+00,7.067031914533105379e-06,5.523360607439601907e-06,2.248871858190967885e-03,4.756606571505918465e-04,1.902787459845680328e-04,6.408013312068538329e-05,0.000000000000000000e+00,1.579922820130609138e-03,6.692002098188500146e-04,4.871254900143861567e-03,1.205970758973854209e-02,0.000000000000000000e+00,4.117688342184952673e-03,8.040728543180117663e-03,5.732192037194754758e-03,3.516665179664417440e-03,1.408256960893921163e-03,1.733582047915089761e-04,0.000000000000000000e+00,7.594637398231617606e-04,0.000000000000000000e+00,2.847355311152960800e-03,5.709470090672070890e-03,3.828443098282389122e-03,1.045425028841035463e-02,3.040203196285598021e-03,0.000000000000000000e+00,2.070965608131423996e-02,3.205461023039551244e-02,7.127397884367170366e-03,0.000000000000000000e+00,2.095478065194486539e-02,2.914219310686285563e-02,1.308679741197205093e-02,1.602227144641294246e-02,0.000000000000000000e+00
0.000000000000000000e+00,0.000000000000000000e+00,1.554532250759460957e-06,7.949497099055644173e-08,0.000000000000000000e+00,0.000000000000000000e+00,4.872452369765700687e-06,2.239628735649537331e-06,9.573501307628499166e-04,4.118565345073672357e-04,2.204494686332377146e-04,2.248370183330635310e-04,0.000000000000000000e+00,7.420116986340037244e-04,8.804992022881384705e-04,3.000992803396847815e-03,6.059064565759792603e-03,0.000000000000000000e+00,8.848865542780946086e-03,5.453908031753215008e-03,1.473511787261158872e-03,1.065837208823952522e-03,2.513370095284074915e-03,2.308431270505759505e-04,0.000000000000000000e+00,1.488166124827097249e-04,0.000000000000000000e+00,2.255115201441849990e-03,1.769100382971097339e-03,3.384799883690630621e-03,1.328704379913414613e-02,2.715700178520757783e-03,0.000000000000000000e+00,1.713770399683985438e-02,2.395928881156605614e-02,7.343746889943171194e-03,0.000000000000000000e+00,2.201392051624684668e-02,2.476634658366604416e-02,9.613357776264434135e-03,1.516465889191852962e-02,0.000000000000000000e+00
0.000000000000000000e+00,0.000000000000000000e+00,3.423496126776599351e-07,5.236273524832695268e-07,0.000000000000000000e+00,0.000000000000000000e+00,2.807038534321563985e-06,9.056575414193983884e-06,3.957945867089481201e-05,1.000760948833678680e-04,4.118338074740805050e-04,8.301244107728985612e-05,0.000000000000000000e+00,7.771042626644812353e-05,2.589355538838816447e-04,2.713050967470722295e-03,5.005097411808846590e-03,0.000000000000000000e+00,2.317628582607004703e-02,1.827528713911149086e-02,1.265057069558866987e-02,1.133821053116756093e-02,6.981513151140361466e-04,4.821124764834879006e-04,0.000000000000000000e+00,8.425540976696395715e-05,0.000000000000000000e+00,1.764858976510246804e-03,1.305782383158545987e-02,8.270858567720404397e-04,2.619322263862165767e-02,3.006645537212844152e-03,0.000000000000000000e+00,1.476085988869543265e-02,3.970483330909557046e-02,1.243256030165194349e-02,0.000000000000000000e+00,5.004011289120462863e-02,3.938616553589503744e-02,7.450531171752158323e-03,4.036369861976889933e-02,0.000000000000000000e+00
0.000000000000000000e+00,0.000000000000000000e+00,4.771730714987277552e-09,2.062350721895246707e-07,0.000000000000000000e+00,0.000000000000000000e+00,1.664057339737781177e-06,6.881405171583129352e-07,3.435072307838919861e-05,1.333194092066067934e-05,1.339733225714344203e-03,2.592816701631581351e-04,0.000000000000000000e+00,3.532038103429208434e-05,4.625012746166787172e-04,4.193033070302754593e-03,4.228940998008036932e-03,0.000000000000000000e+00,1.340522648412796787e-02,4.943792047764312275e-03,3.070386092622068037e-03,3.404795565422898129e-03,2.088374083848743099e-03,8.152569209969037301e-05,0.000000000000000000e+00,1.858765435457249702e-04,0.000000000000000000e+00,3.474607714512445086e-03,4.097085999480196833e-03,4.279807114731638633e-04,8.843028961399823640e-03,1.637550529787073356e-03,0.000000000000000000e+00,1.178931565263731385e-02,1.387350138884827812e-02,1.793028912234045794e-03,0.000000000000000000e+00,2.003552575434598346e-02,2.170320559857385687e-02,8.682988815242471611e-03,2.246511566903585527e-02,0.000000000000000000e+00
0.000000000000000000e+00,0.000000000000000000e+00,1.127273496264181964e-08,1.312345552152380308e-07,0.000000000000000000e+00,0.000000000000000000e+00,4.146387929972231575e-06,6.010921442185041525e-07,1.413792094414426701e-05,1.327478813391670436e-05,3.770969002070759788e-04,4.353778129957773914e-04,0.000000000000000000e+00,7.732230847575309563e-05,5.965284867440974253e-04,1.686720761158974017e-03,5.295576551975728985e-04,0.000000000000000000e+00,1.339342709122478409e-02,4.894365392706714717e-03,9.635688324426030637e-04,3.604586917857672580e-05,1.157515616139006805e-03,7.801750454099587830e-05,0.000000000000000000e+00,9.057496420688945164e-05,0.000000000000000000e+00,1.968989816469974945e-03,5.704577510029613333e-04,3.693225552140193984e-04,1.023939486287773169e-02,6.763841548964263407e-04,0.000000000000000000e+00,7.055447321101777393e-03,1.121425226900161359e-02,4.142037183781366316e-03,0.000000000000000000e+00,1.929865566930620557e-02,1.656762816785095280e-02,4.394821613582497455e-03,1.657634446235275311e-02,0.000000000000000000e+00
0.000000000000000000e+00,0.000000000000000000e+00,4.811736614946041694e-08,6.045167614728425300e-08,0.000000000000000000e+00,0.000000000000000000e+00,3.908802100774932817e-06,4.820481014326955567e-07,1.769443566524600255e-05,3.636377773557178291e-05,7.410103849975347562e-05,1.567325786892028697e-04,0.000000000000000000e+00,5.202876669424167408e-05,5.719661449940804682e-04,1.486039887312597509e-03,4.439452978639941635e-04,0.000000000000000000e+00,2.198047750129573322e-03,1.750728198311270190e-03,5.501691904479133911e-04,4.732273966617668560e-04,8.667294320197608962e-04,1.353111766028165103e-04,0.000000000000000000e+00,7.756672767437665600e-05,0.000000000000000000e+00,1.473502461789621748e-03,5.161680412857991155e-04,3.814609321972702461e-04,4.270817498525138374e-03,2.364019132918074306e-04,0.000000000000000000e+00,3.459593577742321388e-03,6.731607901034704876e-03,3.150890463824209883e-03,0.000000000000000000e+00,7.014741331038631955e-03,6.148108261763349063e-03,3.060777058889083916e-03,4.966947396663622290e-03,0.000000000000000000e+00
0.000000000000000000e+00,0.000000000000000000e+00,5.436867371186356220e-10,1.372549070301223981e-07,0.000000000000000000e+00,0.000000000000000000e+00,8.574718096496619478e-06,2.514413374495174863e-07,5.013347708876556896e-06,1.326576921043676324e-05,9.370008718314168817e-05,3.466910486256642775e-05,0.000000000000000000e+00,1.124021852918866778e-04,3.467523042659649384e-04,8.370378722671912046e-04,5.401473070411985005e-04,0.000000000000000000e+00,5.394814519273333046e-03,4.950628418992124302e-03,2.958514780493725401e-03,1.533790048959616029e-03,2.575020654791969365e-04,2.713347417009455355e-04,0.000000000000000000e+00,4.717907773858818034e-05,0.000000000000000000e+00,3.946753272590296474e-04,2.562330288882672807e-03,6.419235175732262207e-04,3.253486241797092643e-03,2.691145514064723337e-04,0.000000000000000000e+00,2.864268583491810100e-03,9.019187653569998159e-03,1.071824701482387452e-03,0.000000000000000000e+00,1.091603196710413427e-02,1.087239218195791730e-02,1.913530676852791572e-03,9.415977972257886033e-03,0.000000000000000000e+00
0.000000000000000000e+00,0.000000000000000000e+00,3.571904049447632057e-07,8.246535522500383192e-09,0.000000000000000000e+00,0.000000000000000000e+00,3.579563576058312721e-06,2.594271532551496747e-06,1.287261799607881203e-05,5.840719505992415740e-05,1.290633551589657211e-04,2.504186004774945780e-04,0.000000000000000000e+00,3.152307937872447590e-04,6.274347521448949338e-04,9.180625280859559117e-04,2.166382142555222409e-04,0.000000000000000000e+00,2.212003228873110627e-02,1.411358074920836432e-02,4.096765734472475502e-03,7.973173809655103011e-04,3.801900249961619530e-03,1.326988765320252350e-03,0.000000000000000000e+00,3.940056680118569367e-05,0.000000000000000000e+00,1.118118621579290185e-03,2.217345033030928159e-03,1.690900577608453210e-03,1.174209414036774153e-02,9.532335218205282472e-04,0.000000000000000000e+00,1.141732493114567225e-02,2.447318290417070663e-02,4.061983750150934339e-03,0.000000000000000000e+00,3.705252645804096162e-02,3.907683910324152160e-02,6.880586398229275244e-03,2.761556400050943147e-02,0.000000000000000000e+00
0.000000000000000000e+00,0.000000000000000000e+00,6.010559569095912586e-07,1.074661297601987615e-08,0.000000000000000000e+00,0.000000000000000000e+00,1.217012823902077158e-06,6.459211916834262604e-06,3.057946454953685888e-05,3.825124341508112484e-05,8.063664857536702898e-05,3.195861935015392404e-04,0.000000000000000000e+00,8.804045817015692874e-05,8.822342590319465780e-04,2.961027558136285643e-03,1.238867581295847228e-03,0.000000000000000000e+00,2.629863033032115577e-02,1.082656120452330645e-02,2.347147904735834810e-03,1.017552140944298785e-04,1.020865284671105579e-02,4.601067105961005946e-03,0.000000000000000000e+00,7.892889485387502807e-05,0.000000000000000000e+00,2.805661171157228240e-03,1.011772922420342774e-03,1.815802119417618847e-03,1.763279139112428409e-02,8.569926819977519974e-04,0.000000000000000000e+00,2.309755444430146298e-02,2.671961780696028785e-02,5.750703494810127138e-03,0.000000000000000000e+00,3.953993899741286427e-02,4.632849846099752755e-02,1.486060556305676163e-02,3.197581517198052475e-02,0.000000000000000000e+00
0.000000000000000000e+00,0.000000000000000000e+00,3.931128697126813282e-07,7.227856652355946441e-08,0.000000000000000000e+00,0.000000000000000000e+00,3.860101666983595421e-05,1.421839185275873800e-06,1.680177243514053144e-04,6.271109302440899336e-05,4.537902370307551891e-04,4.726009987158424431e-04,0.000000000000000000e+00,1.126651500576197448e-05,2.943257727575883452e-04,1.342029670623637793e-03,2.220019278055286040e-04,0.000000000000000000e+00,3.089994842211676168e-02,9.335377688838781760e-03,1.274369884578329228e-03,3.529807796073815523e-04,1.101748740338453353e-02,3.950529098730174576e-03,0.000000000000000000e+00,6.252368475079929724e-04,0.000000000000000000e+00,1.233165389274225743e-03,6.518375976689925848e-04,3.392757803785109369e-03,2.433583221630573543e-02,1.489143358848635766e-03,0.000000000000000000e+00,2.718574469061944485e-02,2.814451170791419654e-02,9.052807598906694592e-03,0.000000000000000000e+00,4.595065242799262900e-02,5.008834313511636993e-02,1.663158064758409049e-02,3.670565526106797649e-02,0.000000000000000000e+00
0.000000000000000000e+00,0.000000000000000000e+00,5.860034654251071510e-07,2.027564140480808579e-07,0.000000000000000000e+00,0.000000000000000000e+00,2.031871017711412152e-05,9.587682610413839056e-07,3.326673269077319551e-05,2.826773560109127232e-05,4.333556601086804182e-05,4.951424954092999381e-05,0.000000000000000000e+00,6.553066915584999428e-06,6.652496126677636627e-04,2.170274586598367784e-03,1.365117032888934795e-04,0.000000000000000000e+00,3.806254665664098730e-02,1.464062722339148047e-02,2.506701315856576205e-03,1.998603137435700516e-04,4.422791935514093845e-03,1.882183229791550968e-03,0.000000000000000000e+00,5.997645195335009360e-05,0.000000000000000000e+00,2.370626575858646602e-03,1.083018367381495929e-03,3.915026213828613939e-03,2.217337012059630852e-02,1.096410383911809380e-03,0.000000000000000000e+00,2.037002030106373901e-02,2.888865351661042136e-02,4.803050214479302055e-03,0.000000000000000000e+00,5.061842823544523973e-02,5.163612324164236489e-02,9.918244311509859246e-03,4.548666528750748561e-02,0.000000000000000000e+00
0.000000000000000000e+00,0.000000000000000000e+00,2.572936939465660409e-07,4.812152843362693099e-08,0.000000000000000000e+00,0.000000000000000000e+00,3.609982065441482010e-05,1.634932990889884677e-05,8.783757679301579071e-07,3.671973910570346426e-05,1.529328109136367009e-05,3.413403194848721976e-03,0.000000000000000000e+00,3.687231820875355877e-05,2.279578501770532228e-03,6.809330794372477243e-03,6.444344810406334775e-04,0.000000000000000000e+00,2.266225068361430450e-01,6.602624684940222588e-02,6.861346324715218194e-03,5.819771071054589571e-04,2.736602814946671215e-03,5.762663953803588528e-04,0.000000000000000000e+00,1.789886838771410210e-04,0.000000000000000000e+00,9.614603153173738662e-03,2.514683294420919264e-03,6.186846835704393893e-03,1.467795436083535188e-01,4.062746767100540099e-03,0.000000000000000000e+00,9.129888519995806029e-02,1.211803002367722731e-01,4.137196317162603054e-02,0.000000000000000000e+00,2.618072902475760411e-01,2.129913925502464056e-01,1.931781411571414225e-02,2.470232054669065369e-01,0.000000000000000000e+00
0.000000000000000000e+00,0.000000000000000000e+00,4.108986777806540045e-08,2.629100272220130613e-07,0.000000000000000000e+00,0.000000000000000000e+00,2.208888234468751026e-06,9.732455245710958542e-06,9.785956558030789809e-06,1.435160216072797839e-05,4.287536473412170137e-06,1.841448036029063500e-03,0.000000000000000000e+00,4.683105820181685983e-05,6.850275128736229430e-03,3.496332065604636219e-02,6.029325054188288714e-03,0.000000000000000000e+00,9.674627071449125315e-02,5.436190011884742268e-02,8.988040609700155906e-03,3.798476662928829519e-04,1.431638704535386246e-03,2.388419132535394250e-03,0.000000000000000000e+00,2.860621295840717307e-04,0.000000000000000000e+00,3.269428677854056137e-02,4.113213262716635885e-03,9.521590881761177877e-03,4.593550775295500432e-02,6.024447451815218534e-03,0.000000000000000000e+00,4.595697723480240970e-02,9.646040351861183415e-02,7.692759548120823437e-03,0.000000000000000000e+00,1.494462354041879992e-01,1.569315082381545767e-01,4.768619959646238499e-02,1.485866392346718579e-01,0.000000000000000000e+00
0.000000000000000000e+00,0.000000000000000000e+00,7.534800696459645773e-09,9.131900037742215798e-06,0.000000000000000000e+00,0.000000000000000000e+00,2.162138458181565723e-06,6.590315123085516597e-06,3.270741908542993846e-04,1.106460548539835761e-04,8.286021061404783502e-06,2.765215145336406225e-03,0.000000000000000000e+00,8.935606975159522607e-06,3.088706537294740387e-02,7.826042356286427859e-02,6.395293519628865789e-03,0.000000000000000000e+00,6.277513923374297145e-01,2.543364770320847845e-01,4.545835026884772340e-02,3.894038205791288797e-03,2.361282402340605935e-02,2.281386292888099021e-02,0.000000000000000000e+00,2.581747162481705295e-03,0.000000000000000000e+00,1.030520759663015457e-01,1.741239839090522046e-02,1.647554152232179325e-02,3.322489008726987048e-01,3.941289213980542216e-03,0.000000000000000000e+00,1.986574053458113331e-01,4.277565137286304942e-01,5.864687308775082264e-02,0.000000000000000000e+00,8.247517651724273202e-01,7.360086482922169049e-01,1.205544117824119271e-01,7.632217405247866404e-01,0.000000000000000000e+00
0.000000000000000000e+00,0.000000000000000000e+00,1.840469300737352945e-07,2.156865226500156410e-04,0.000000000000000000e+00,0.000000000000000000e+00,4.444476986445398937e-04,7.084571921286395057e-05,1.825810902124721689e-03,1.379939709845174993e-03,1.240023694262863381e-04,3.530255233126255218e-03,0.000000000000000000e+00,9.342441751840308917e-04,1.503190196293000859e-02,2.534873417288008995e-02,2.089162039731527754e-02,0.000000000000000000e+00,1.467247321320564346e+00,4.766614827650180741e-01,5.970886497321999803e-02,8.170421120865049283e-04,5.520294298394362587e-02,5.682150296470627610e-02,0.000000000000000000e+00,1.118698017041616297e-02,0.000000000000000000e+00,3.109409750791968310e-02,1.637733348198146602e-02,2.400336354253795879e-02,8.294957010613400739e-01,1.395854796129775144e-02,0.000000000000000000e+00,5.117249710120993500e-01,8.307947589477980843e-01,1.517550451485149832e-01,0.000000000000000000e+00,1.798225442842948718e+00,1.552021530490654833e+00,1.271811803729082646e-01,1.604934531404116571e+00,0.000000000000000000e+00
0.000000000000000000e+00,0.000000000000000000e+00,6.022972788283889599e-06,4.148323505119242967e-04,0.000000000000000000e+00,0.000000000000000000e+00,9.431529589329308355e-05,4.546352066005821419e-05,4.001665986148122099e-03,7.819356729521387273e-03,2.439134632695350187e-04,2.300543512488379370e-03,0.000000000000000000e+00,1.624358113572749738e-03,5.143210585279407894e-03,3.647332041143010878e-02,1.520912245263935092e-01,0.000000000000000000e+00,2.015892789455713707e+00,1.440975200418856739e+00,3.563260981664924665e-01,2.827320084648767690e-02,7.071320206791857632e-02,1.497555712530849459e-01,0.000000000000000000e+00,3.122510992528691395e-02,0.000000000000000000e+00,1.378603967355743198e-02,1.485265841490085448e-01,1.581050260960728537e-02,7.807131155678809220e-01,2.402443516464396883e-02,0.000000000000000000e+00,5.237700411926560218e-01,2.105603131302355102e+00,6.732722038068825188e-02,0.000000000000000000e+00,3.277265687452403764e+00,3.317915905573685542e+00,1.522485534357915782e-01,2.355769741372676140e+00,0.000000000000000000e+00
0.000000000000000000e+00,0.000000000000000000e+00,5.017520146472714529e-06,5.176671344488453699e-04,0.000000000000000000e+00,0.000000000000000000e+00,1.448208448121322096e-04,2.779758054450343931e-05,9.910747163975715951e-03,2.622321114611585527e-02,1.083491892237778030e-03,2.319411340488369139e-02,0.000000000000000000e+00,1.022782691487919039e-02,5.401857300076865626e-02,1.661794595867788216e-01,4.321110463788290779e-01,0.000000000000000000e+00,3.507815703413315500e+00,2.782634499613485080e+00,6.869932019550184510e-01,8.886965486443086648e-02,1.833822834991568340e-01,3.015180909521856800e-01,0.000000000000000000e+00,6.326733837565327867e-02,0.000000000000000000e+00,1.638888440370657174e-01,2.954058736711365762e-01,8.093513235116454874e-02,1.442664088527989108e+00,2.441798419234977591e-01,0.000000000000000000e+00,1.483055705842353911e+00,4.727123761709850491e+00,5.900462648913719077e-01,0.000000000000000000e+00,6.596162570498946387e+00,7.078027269445310132e+00,6.677453355492530829e-01,4.308071693749363718e+00,0.000000000000000000e+00
0.000000000000000000e+00,0.000000000000000000e+00,2.688122399656110760e-04,2.255743551516615575e-04,0.000000000000000000e+00,0.000000000000000000e+00,1.480813162673791199e-03,1.081546552297964160e-03,2.365091189486338494e-02,7.931486913200314071e-02,7.928152993047649913e-04,1.202693706003995500e-01,0.000000000000000000e+00,6.290990565257906231e-02,5.240998205048593706e-01,6.543676563359381859e-01,5.011259757328658804e-01,0.000000000000000000e+00,1.243395272267583174e+01,5.015250614109664440e+00,1.005722587906496823e+00,4.969205394334463288e-01,9.894168594414285214e-03,7.494920277748775561e-01,0.000000000000000000e+00,2.069578028023787153e-01,0.000000000000000000e+00,1.255083192784982815e+00,8.443016082067564820e-01,1.753917974267051039e-01,5.185876001067882157e+00,1.439003481335424661e+00,0.000000000000000000e+00,2.491468348451096215e+00,9.756019021618346443e+00,1.600034443851519939e+00,0.000000000000000000e+00,2.008411934617476646e+01,1.823402207956904775e+01,2.597326217722246255e+00,1.526823550916021865e+01,0.000000000000000000e+00
